NM_REGION,Date,QT_VOLUME_24HOUR,AM_PEAK_VOLUME,PM_PEAK_VOLUME,Location,MaxTemp,Rainfall,WindGustSpeed,Humidity9am,Humidity3pm,Region,Lat,Long
BBN,1/07/2016,5340051,525987,938286,Melbourne,14.1,6.4,28,89,61,Blackburn,-37.8197,145.1531
BBN,2/07/2016,4552161,218166,757100,Melbourne,16.5,0.2,28,77,58,Blackburn,-37.8197,145.1531
BBN,3/07/2016,3952714,130511,709845,Melbourne,16.7,0,41,76,57,Blackburn,-37.8197,145.1531
BBN,4/07/2016,5138450,584527,917844,Melbourne,12.7,0,31,69,64,Blackburn,-37.8197,145.1531
BBN,5/07/2016,5148262,556123,902028,Melbourne,12.8,0.6,28,87,91,Blackburn,-37.8197,145.1531
BBN,6/07/2016,5351973,585840,929040,Melbourne,13,22.6,37,87,84,Blackburn,-37.8197,145.1531
BBN,7/07/2016,5471302,583137,947192,Melbourne,13.7,3.8,31,97,80,Blackburn,-37.8197,145.1531
BBN,8/07/2016,5492210,558089,937685,Melbourne,15.3,0.8,20,90,65,Blackburn,-37.8197,145.1531
BBN,9/07/2016,4707758,213671,788613,Melbourne,15.2,0.2,13,100,60,Blackburn,-37.8197,145.1531
BBN,10/07/2016,3987547,127634,697647,Melbourne,14.2,0,59,97,80,Blackburn,-37.8197,145.1531
BBN,11/07/2016,5091506,561825,920484,Melbourne,16,3.6,59,67,57,Blackburn,-37.8197,145.1531
BBN,12/07/2016,5241151,609502,925622,Melbourne,13.7,0,63,58,51,Blackburn,-37.8197,145.1531
BBN,13/07/2016,5371500,597001,943855,Melbourne,12,0.4,43,67,55,Blackburn,-37.8197,145.1531
BBN,14/07/2016,5516406,608096,966156,Melbourne,14,1,43,68,52,Blackburn,-37.8197,145.1531
BBN,15/07/2016,5631620,585121,969935,Melbourne,14.1,0,20,64,63,Blackburn,-37.8197,145.1531
BBN,16/07/2016,4840206,219441,782015,Melbourne,13.7,0,17,70,57,Blackburn,-37.8197,145.1531
BBN,17/07/2016,4117443,134513,732376,Melbourne,16.1,0,56,77,45,Blackburn,-37.8197,145.1531
BBN,18/07/2016,5193843,599076,937969,Melbourne,17.7,0,52,75,68,Blackburn,-37.8197,145.1531
BBN,19/07/2016,5400788,616659,954689,Melbourne,16,0,20,79,68,Blackburn,-37.8197,145.1531
BBN,20/07/2016,5420079,604194,961661,Melbourne,16.1,1.8,17,97,76,Blackburn,-37.8197,145.1531
BBN,21/07/2016,5543046,606856,971645,Melbourne,18.1,1.8,50,100,65,Blackburn,-37.8197,145.1531
BBN,22/07/2016,5546719,572439,944003,Melbourne,18.3,7.8,59,76,73,Blackburn,-37.8197,145.1531
BBN,23/07/2016,4834774,209333,788014,Melbourne,11.6,2.8,44,59,65,Blackburn,-37.8197,145.1531
BBN,24/07/2016,4066080,125055,711096,Melbourne,11.4,0.8,48,76,64,Blackburn,-37.8197,145.1531
BBN,25/07/2016,5117159,578144,932556,Melbourne,14.3,0,59,72,51,Blackburn,-37.8197,145.1531
BBN,26/07/2016,5351696,614926,957175,Melbourne,11,4.8,46,68,60,Blackburn,-37.8197,145.1531
BBN,27/07/2016,5399970,612153,960838,Melbourne,12.9,0.4,37,92,50,Blackburn,-37.8197,145.1531
BBN,28/07/2016,5581310,616412,983640,Melbourne,15.2,0,37,73,52,Blackburn,-37.8197,145.1531
BBN,29/07/2016,5670270,597075,952262,Melbourne,15.3,0,31,76,67,Blackburn,-37.8197,145.1531
BBN,30/07/2016,4899531,219375,792846,Melbourne,13.8,2.4,59,85,74,Blackburn,-37.8197,145.1531
BBN,31/07/2016,4198307,129997,739075,Melbourne,17,2,52,86,39,Blackburn,-37.8197,145.1531
BRI,1/07/2016,2917372,278875,500749,Melbourne,14.1,6.4,28,89,61,Brighton,-37.9043,144.9932
BRI,2/07/2016,2444386,118911,385502,Melbourne,16.5,0.2,28,77,58,Brighton,-37.9043,144.9932
BRI,3/07/2016,2071074,72531,363562,Melbourne,16.7,0,41,76,57,Brighton,-37.9043,144.9932
BRI,4/07/2016,2682373,286045,479161,Melbourne,12.7,0,31,69,64,Brighton,-37.9043,144.9932
BRI,5/07/2016,2751721,282298,492252,Melbourne,12.8,0.6,28,87,91,Brighton,-37.9043,144.9932
BRI,6/07/2016,2875050,290156,504126,Melbourne,13,22.6,37,87,84,Brighton,-37.9043,144.9932
BRI,7/07/2016,2942445,292667,514791,Melbourne,13.7,3.8,31,97,80,Brighton,-37.9043,144.9932
BRI,8/07/2016,2950327,280423,508165,Melbourne,15.3,0.8,20,90,65,Brighton,-37.9043,144.9932
BRI,9/07/2016,2542978,117917,409400,Melbourne,15.2,0.2,13,100,60,Brighton,-37.9043,144.9932
BRI,10/07/2016,2146985,77221,367636,Melbourne,14.2,0,59,97,80,Brighton,-37.9043,144.9932
BRI,11/07/2016,2887355,307703,520213,Melbourne,16,3.6,59,67,57,Brighton,-37.9043,144.9932
BRI,12/07/2016,2992674,335208,531552,Melbourne,13.7,0,63,58,51,Brighton,-37.9043,144.9932
BRI,13/07/2016,3083289,329066,535654,Melbourne,12,0.4,43,67,55,Brighton,-37.9043,144.9932
BRI,14/07/2016,3169624,333988,553517,Melbourne,14,1,43,68,52,Brighton,-37.9043,144.9932
BRI,15/07/2016,3167471,323755,543549,Melbourne,14.1,0,20,64,63,Brighton,-37.9043,144.9932
BRI,16/07/2016,2731898,132718,427937,Melbourne,13.7,0,17,70,57,Brighton,-37.9043,144.9932
BRI,17/07/2016,2380307,86653,415770,Melbourne,16.1,0,56,77,45,Brighton,-37.9043,144.9932
BRI,18/07/2016,2969802,328224,530502,Melbourne,17.7,0,52,75,68,Brighton,-37.9043,144.9932
BRI,19/07/2016,3074193,337637,544126,Melbourne,16,0,20,79,68,Brighton,-37.9043,144.9932
BRI,20/07/2016,3107176,331138,546004,Melbourne,16.1,1.8,17,97,76,Brighton,-37.9043,144.9932
BRI,21/07/2016,3159424,331248,559132,Melbourne,18.1,1.8,50,100,65,Brighton,-37.9043,144.9932
BRI,22/07/2016,3162631,316411,543485,Melbourne,18.3,7.8,59,76,73,Brighton,-37.9043,144.9932
BRI,23/07/2016,2747248,130450,423386,Melbourne,11.6,2.8,44,59,65,Brighton,-37.9043,144.9932
BRI,24/07/2016,2308446,81939,390189,Melbourne,11.4,0.8,48,76,64,Brighton,-37.9043,144.9932
BRI,25/07/2016,2944246,326093,536317,Melbourne,14.3,0,59,72,51,Brighton,-37.9043,144.9932
BRI,26/07/2016,3070006,339317,551248,Melbourne,11,4.8,46,68,60,Brighton,-37.9043,144.9932
BRI,27/07/2016,3156274,338843,559200,Melbourne,12.9,0.4,37,92,50,Brighton,-37.9043,144.9932
BRI,28/07/2016,3204092,341011,563308,Melbourne,15.2,0,37,73,52,Brighton,-37.9043,144.9932
BRI,29/07/2016,3203495,326440,549166,Melbourne,15.3,0,31,76,67,Brighton,-37.9043,144.9932
BRI,30/07/2016,2768351,130272,427655,Melbourne,13.8,2.4,59,85,74,Brighton,-37.9043,144.9932
BRI,31/07/2016,2416698,81312,427141,Melbourne,17,2,52,86,39,Brighton,-37.9043,144.9932
CA1,1/07/2016,4079586,424647,602070,Melbourne,14.1,6.4,28,89,61,Carlton,-37.8001,144.9671
CA1,2/07/2016,3615872,204023,502021,Melbourne,16.5,0.2,28,77,58,Carlton,-37.8001,144.9671
CA1,3/07/2016,3256618,146196,489745,Melbourne,16.7,0,41,76,57,Carlton,-37.8001,144.9671
CA1,4/07/2016,3599194,409256,564941,Melbourne,12.7,0,31,69,64,Carlton,-37.8001,144.9671
CA1,5/07/2016,3694112,410298,569957,Melbourne,12.8,0.6,28,87,91,Carlton,-37.8001,144.9671
CA1,6/07/2016,3672194,396913,560169,Melbourne,13,22.6,37,87,84,Carlton,-37.8001,144.9671
CA1,7/07/2016,3723192,398588,558798,Melbourne,13.7,3.8,31,97,80,Carlton,-37.8001,144.9671
CA1,8/07/2016,3911203,398195,580926,Melbourne,15.3,0.8,20,90,65,Carlton,-37.8001,144.9671
CA1,9/07/2016,3705652,204373,513200,Melbourne,15.2,0.2,13,100,60,Carlton,-37.8001,144.9671
CA1,10/07/2016,3192377,136342,486034,Melbourne,14.2,0,59,97,80,Carlton,-37.8001,144.9671
CA1,11/07/2016,3642879,411482,575029,Melbourne,16,3.6,59,67,57,Carlton,-37.8001,144.9671
CA1,12/07/2016,3855572,454078,597861,Melbourne,13.7,0,63,58,51,Carlton,-37.8001,144.9671
CA1,13/07/2016,3968668,455104,601094,Melbourne,12,0.4,43,67,55,Carlton,-37.8001,144.9671
CA1,14/07/2016,4058858,459744,610432,Melbourne,14,1,43,68,52,Carlton,-37.8001,144.9671
CA1,15/07/2016,4177887,451634,609900,Melbourne,14.1,0,20,64,63,Carlton,-37.8001,144.9671
CA1,16/07/2016,3873775,210563,537180,Melbourne,13.7,0,17,70,57,Carlton,-37.8001,144.9671
CA1,17/07/2016,3409783,159399,523389,Melbourne,16.1,0,56,77,45,Carlton,-37.8001,144.9671
CA1,18/07/2016,3739591,440755,591923,Melbourne,17.7,0,52,75,68,Carlton,-37.8001,144.9671
CA1,19/07/2016,3852246,455268,551226,Melbourne,16,0,20,79,68,Carlton,-37.8001,144.9671
CA1,20/07/2016,3943455,455163,595933,Melbourne,16.1,1.8,17,97,76,Carlton,-37.8001,144.9671
CA1,21/07/2016,4010693,445717,599446,Melbourne,18.1,1.8,50,100,65,Carlton,-37.8001,144.9671
CA1,22/07/2016,4142549,440757,600451,Melbourne,18.3,7.8,59,76,73,Carlton,-37.8001,144.9671
CA1,23/07/2016,3838745,201438,528365,Melbourne,11.6,2.8,44,59,65,Carlton,-37.8001,144.9671
CA1,24/07/2016,3410805,153134,517085,Melbourne,11.4,0.8,48,76,64,Carlton,-37.8001,144.9671
CA1,25/07/2016,3661112,420883,584945,Melbourne,14.3,0,59,72,51,Carlton,-37.8001,144.9671
CA1,26/07/2016,3883129,456026,602382,Melbourne,11,4.8,46,68,60,Carlton,-37.8001,144.9671
CA1,27/07/2016,3937320,454581,603606,Melbourne,12.9,0.4,37,92,50,Carlton,-37.8001,144.9671
CA1,28/07/2016,4025382,458719,607047,Melbourne,15.2,0,37,73,52,Carlton,-37.8001,144.9671
CA1,29/07/2016,4162954,448435,601784,Melbourne,15.3,0,31,76,67,Carlton,-37.8001,144.9671
CA1,30/07/2016,3855467,208382,527232,Melbourne,13.8,2.4,59,85,74,Carlton,-37.8001,144.9671
CA1,31/07/2016,3358310,140342,517438,Melbourne,17,2,52,86,39,Carlton,-37.8001,144.9671
CA2,1/07/2016,3776046,408945,559205,Melbourne,14.1,6.4,28,89,61,Carlton 2,-37.8001,144.9671
CA2,2/07/2016,3195552,186067,438089,Melbourne,16.5,0.2,28,77,58,Carlton 2,-37.8001,144.9671
CA2,3/07/2016,2834890,124427,435990,Melbourne,16.7,0,41,76,57,Carlton 2,-37.8001,144.9671
CA2,4/07/2016,3438157,400530,548853,Melbourne,12.7,0,31,69,64,Carlton 2,-37.8001,144.9671
CA2,5/07/2016,3548637,395153,555198,Melbourne,12.8,0.6,28,87,91,Carlton 2,-37.8001,144.9671
CA2,6/07/2016,3710976,419233,568712,Melbourne,13,22.6,37,87,84,Carlton 2,-37.8001,144.9671
CA2,7/07/2016,3777789,413706,558378,Melbourne,13.7,3.8,31,97,80,Carlton 2,-37.8001,144.9671
CA2,8/07/2016,3867241,415741,559926,Melbourne,15.3,0.8,20,90,65,Carlton 2,-37.8001,144.9671
CA2,9/07/2016,3366075,189577,461164,Melbourne,15.2,0.2,13,100,60,Carlton 2,-37.8001,144.9671
CA2,10/07/2016,2817077,122513,434154,Melbourne,14.2,0,59,97,80,Carlton 2,-37.8001,144.9671
CA2,11/07/2016,3352118,396892,540759,Melbourne,16,3.6,59,67,57,Carlton 2,-37.8001,144.9671
CA2,12/07/2016,3571003,435730,562117,Melbourne,13.7,0,63,58,51,Carlton 2,-37.8001,144.9671
CA2,13/07/2016,3674191,427896,574087,Melbourne,12,0.4,43,67,55,Carlton 2,-37.8001,144.9671
CA2,14/07/2016,3754598,436020,575556,Melbourne,14,1,43,68,52,Carlton 2,-37.8001,144.9671
CA2,15/07/2016,3883036,424807,578605,Melbourne,14.1,0,20,64,63,Carlton 2,-37.8001,144.9671
CA2,16/07/2016,3407143,190391,474537,Melbourne,13.7,0,17,70,57,Carlton 2,-37.8001,144.9671
CA2,17/07/2016,2982853,132829,467990,Melbourne,16.1,0,56,77,45,Carlton 2,-37.8001,144.9671
CA2,18/07/2016,3430212,420006,561851,Melbourne,17.7,0,52,75,68,Carlton 2,-37.8001,144.9671
CA2,19/07/2016,3640638,434666,575171,Melbourne,16,0,20,79,68,Carlton 2,-37.8001,144.9671
CA2,20/07/2016,3710692,430800,573151,Melbourne,16.1,1.8,17,97,76,Carlton 2,-37.8001,144.9671
CA2,21/07/2016,3776415,423449,575396,Melbourne,18.1,1.8,50,100,65,Carlton 2,-37.8001,144.9671
CA2,22/07/2016,3948212,420593,576795,Melbourne,18.3,7.8,59,76,73,Carlton 2,-37.8001,144.9671
CA2,23/07/2016,3444428,188350,470519,Melbourne,11.6,2.8,44,59,65,Carlton 2,-37.8001,144.9671
CA2,24/07/2016,3018779,131987,473652,Melbourne,11.4,0.8,48,76,64,Carlton 2,-37.8001,144.9671
CA2,25/07/2016,3400576,394466,560166,Melbourne,14.3,0,59,72,51,Carlton 2,-37.8001,144.9671
CA2,26/07/2016,3662182,430139,573792,Melbourne,11,4.8,46,68,60,Carlton 2,-37.8001,144.9671
CA2,27/07/2016,3743436,432331,585531,Melbourne,12.9,0.4,37,92,50,Carlton 2,-37.8001,144.9671
CA2,28/07/2016,3800017,432040,577840,Melbourne,15.2,0,37,73,52,Carlton 2,-37.8001,144.9671
CA2,29/07/2016,3927752,425102,571851,Melbourne,15.3,0,31,76,67,Carlton 2,-37.8001,144.9671
CA2,30/07/2016,3446455,196654,465053,Melbourne,13.8,2.4,59,85,74,Carlton 2,-37.8001,144.9671
CA2,31/07/2016,2968290,125670,456658,Melbourne,17,2,52,86,39,Carlton 2,-37.8001,144.9671
CRN,1/07/2016,4826666,524135,888324,Melbourne,14.1,6.4,28,89,61,Croydon,-37.7944,145.2815
CRN,2/07/2016,4088310,206402,670752,Melbourne,16.5,0.2,28,77,58,Croydon,-37.7944,145.2815
CRN,3/07/2016,3502162,117132,637713,Melbourne,16.7,0,41,76,57,Croydon,-37.7944,145.2815
CRN,4/07/2016,4573712,560190,876770,Melbourne,12.7,0,31,69,64,Croydon,-37.7944,145.2815
CRN,5/07/2016,4604559,541090,883340,Melbourne,12.8,0.6,28,87,91,Croydon,-37.7944,145.2815
CRN,6/07/2016,4752019,561112,888881,Melbourne,13,22.6,37,87,84,Croydon,-37.7944,145.2815
CRN,7/07/2016,4889449,558500,921419,Melbourne,13.7,3.8,31,97,80,Croydon,-37.7944,145.2815
CRN,8/07/2016,4997440,536637,913426,Melbourne,15.3,0.8,20,90,65,Croydon,-37.7944,145.2815
CRN,9/07/2016,4220494,199026,704804,Melbourne,15.2,0.2,13,100,60,Croydon,-37.7944,145.2815
CRN,10/07/2016,3384916,115151,598467,Melbourne,14.2,0,59,97,80,Croydon,-37.7944,145.2815
CRN,11/07/2016,4641767,562766,888334,Melbourne,16,3.6,59,67,57,Croydon,-37.7944,145.2815
CRN,12/07/2016,4728334,592911,900786,Melbourne,13.7,0,63,58,51,Croydon,-37.7944,145.2815
CRN,13/07/2016,4933668,598130,926658,Melbourne,12,0.4,43,67,55,Croydon,-37.7944,145.2815
CRN,14/07/2016,5021086,594073,943270,Melbourne,14,1,43,68,52,Croydon,-37.7944,145.2815
CRN,15/07/2016,5130575,572572,934677,Melbourne,14.1,0,20,64,63,Croydon,-37.7944,145.2815
CRN,16/07/2016,4381146,212064,715191,Melbourne,13.7,0,17,70,57,Croydon,-37.7944,145.2815
CRN,17/07/2016,3709796,125196,674934,Melbourne,16.1,0,56,77,45,Croydon,-37.7944,145.2815
CRN,18/07/2016,4739061,582625,914421,Melbourne,17.7,0,52,75,68,Croydon,-37.7944,145.2815
CRN,19/07/2016,4901028,606117,938884,Melbourne,16,0,20,79,68,Croydon,-37.7944,145.2815
CRN,20/07/2016,4992643,599182,946696,Melbourne,16.1,1.8,17,97,76,Croydon,-37.7944,145.2815
CRN,21/07/2016,5046050,595330,951281,Melbourne,18.1,1.8,50,100,65,Croydon,-37.7944,145.2815
CRN,22/07/2016,5093774,554582,911700,Melbourne,18.3,7.8,59,76,73,Croydon,-37.7944,145.2815
CRN,23/07/2016,4259765,193134,684139,Melbourne,11.6,2.8,44,59,65,Croydon,-37.7944,145.2815
CRN,24/07/2016,3570777,109217,628841,Melbourne,11.4,0.8,48,76,64,Croydon,-37.7944,145.2815
CRN,25/07/2016,4678185,570948,900663,Melbourne,14.3,0,59,72,51,Croydon,-37.7944,145.2815
CRN,26/07/2016,4836979,598260,922489,Melbourne,11,4.8,46,68,60,Croydon,-37.7944,145.2815
CRN,27/07/2016,4891294,596742,932496,Melbourne,12.9,0.4,37,92,50,Croydon,-37.7944,145.2815
CRN,28/07/2016,5010094,592679,944899,Melbourne,15.2,0,37,73,52,Croydon,-37.7944,145.2815
CRN,29/07/2016,5113516,575623,906880,Melbourne,15.3,0,31,76,67,Croydon,-37.7944,145.2815
CRN,30/07/2016,4244496,207138,685265,Melbourne,13.8,2.4,59,85,74,Croydon,-37.7944,145.2815
CRN,31/07/2016,3618635,112238,669148,Melbourne,17,2,52,86,39,Croydon,-37.7944,145.2815
DON,1/07/2016,4393981,454844,776631,Melbourne,14.1,6.4,28,89,61,Doncaster,-37.7874,145.1249
DON,2/07/2016,3728663,185955,612320,Melbourne,16.5,0.2,28,77,58,Doncaster,-37.7874,145.1249
DON,3/07/2016,3180007,102907,572086,Melbourne,16.7,0,41,76,57,Doncaster,-37.7874,145.1249
DON,4/07/2016,4070478,478995,712120,Melbourne,12.7,0,31,69,64,Doncaster,-37.7874,145.1249
DON,5/07/2016,4116034,446540,719495,Melbourne,12.8,0.6,28,87,91,Doncaster,-37.7874,145.1249
DON,6/07/2016,4304509,483985,744797,Melbourne,13,22.6,37,87,84,Doncaster,-37.7874,145.1249
DON,7/07/2016,4442137,483390,763012,Melbourne,13.7,3.8,31,97,80,Doncaster,-37.7874,145.1249
DON,8/07/2016,4472678,464459,759026,Melbourne,15.3,0.8,20,90,65,Doncaster,-37.7874,145.1249
DON,9/07/2016,3891871,189002,642664,Melbourne,15.2,0.2,13,100,60,Doncaster,-37.7874,145.1249
DON,10/07/2016,3288834,112650,579941,Melbourne,14.2,0,59,97,80,Doncaster,-37.7874,145.1249
DON,11/07/2016,4210649,489129,741481,Melbourne,16,3.6,59,67,57,Doncaster,-37.7874,145.1249
DON,12/07/2016,4375576,536075,768055,Melbourne,13.7,0,63,58,51,Doncaster,-37.7874,145.1249
DON,13/07/2016,4466179,523654,772567,Melbourne,12,0.4,43,67,55,Doncaster,-37.7874,145.1249
DON,14/07/2016,4655683,530119,798807,Melbourne,14,1,43,68,52,Doncaster,-37.7874,145.1249
DON,15/07/2016,4733158,513569,801413,Melbourne,14.1,0,20,64,63,Doncaster,-37.7874,145.1249
DON,16/07/2016,4158603,209074,659045,Melbourne,13.7,0,17,70,57,Doncaster,-37.7874,145.1249
DON,17/07/2016,3464405,117105,619446,Melbourne,16.1,0,56,77,45,Doncaster,-37.7874,145.1249
DON,18/07/2016,4310866,524176,760055,Melbourne,17.7,0,52,75,68,Doncaster,-37.7874,145.1249
DON,19/07/2016,4502952,540776,785496,Melbourne,16,0,20,79,68,Doncaster,-37.7874,145.1249
DON,20/07/2016,4542240,534028,787512,Melbourne,16.1,1.8,17,97,76,Doncaster,-37.7874,145.1249
DON,21/07/2016,4673105,528503,798069,Melbourne,18.1,1.8,50,100,65,Doncaster,-37.7874,145.1249
DON,22/07/2016,4700618,509699,788458,Melbourne,18.3,7.8,59,76,73,Doncaster,-37.7874,145.1249
DON,23/07/2016,4138361,196679,654000,Melbourne,11.6,2.8,44,59,65,Doncaster,-37.7874,145.1249
DON,24/07/2016,3413266,113582,600042,Melbourne,11.4,0.8,48,76,64,Doncaster,-37.7874,145.1249
DON,25/07/2016,4260021,505018,755682,Melbourne,14.3,0,59,72,51,Doncaster,-37.7874,145.1249
DON,26/07/2016,4473555,546815,780408,Melbourne,11,4.8,46,68,60,Doncaster,-37.7874,145.1249
DON,27/07/2016,4539390,538916,783496,Melbourne,12.9,0.4,37,92,50,Doncaster,-37.7874,145.1249
DON,28/07/2016,4675836,539992,795278,Melbourne,15.2,0,37,73,52,Doncaster,-37.7874,145.1249
DON,29/07/2016,4749852,522575,790353,Melbourne,15.3,0,31,76,67,Doncaster,-37.7874,145.1249
DON,30/07/2016,4176932,204496,653261,Melbourne,13.8,2.4,59,85,74,Doncaster,-37.7874,145.1249
DON,31/07/2016,3544249,117799,624384,Melbourne,17,2,52,86,39,Doncaster,-37.7874,145.1249
ES2,1/07/2016,3000194,318870,497114,Melbourne,14.1,6.4,28,89,61,Essendon 2,-37.7505,144.9143
ES2,2/07/2016,2431513,131042,392632,Melbourne,16.5,0.2,28,77,58,Essendon 2,-37.7505,144.9143
ES2,3/07/2016,2058756,71178,358559,Melbourne,16.7,0,41,76,57,Essendon 2,-37.7505,144.9143
ES2,4/07/2016,2780375,315963,491595,Melbourne,12.7,0,31,69,64,Essendon 2,-37.7505,144.9143
ES2,5/07/2016,2755236,299648,477158,Melbourne,12.8,0.6,28,87,91,Essendon 2,-37.7505,144.9143
ES2,6/07/2016,2876347,322891,491415,Melbourne,13,22.6,37,87,84,Essendon 2,-37.7505,144.9143
ES2,7/07/2016,2903820,314724,500675,Melbourne,13.7,3.8,31,97,80,Essendon 2,-37.7505,144.9143
ES2,8/07/2016,3038551,313704,502918,Melbourne,15.3,0.8,20,90,65,Essendon 2,-37.7505,144.9143
ES2,9/07/2016,2533250,135890,405498,Melbourne,15.2,0.2,13,100,60,Essendon 2,-37.7505,144.9143
ES2,10/07/2016,2004420,70175,336355,Melbourne,14.2,0,59,97,80,Essendon 2,-37.7505,144.9143
ES2,11/07/2016,2826926,326967,499827,Melbourne,16,3.6,59,67,57,Essendon 2,-37.7505,144.9143
ES2,12/07/2016,2902037,346278,510194,Melbourne,13.7,0,63,58,51,Essendon 2,-37.7505,144.9143
ES2,13/07/2016,2957504,339692,513375,Melbourne,12,0.4,43,67,55,Essendon 2,-37.7505,144.9143
ES2,14/07/2016,3049211,346180,527868,Melbourne,14,1,43,68,52,Essendon 2,-37.7505,144.9143
ES2,15/07/2016,3151669,338839,519383,Melbourne,14.1,0,20,64,63,Essendon 2,-37.7505,144.9143
ES2,16/07/2016,2561932,138691,392378,Melbourne,13.7,0,17,70,57,Essendon 2,-37.7505,144.9143
ES2,17/07/2016,2108686,71906,361292,Melbourne,16.1,0,56,77,45,Essendon 2,-37.7505,144.9143
ES2,18/07/2016,2918998,339801,518339,Melbourne,17.7,0,52,75,68,Essendon 2,-37.7505,144.9143
ES2,19/07/2016,2977448,351749,520881,Melbourne,16,0,20,79,68,Essendon 2,-37.7505,144.9143
ES2,20/07/2016,3017617,348518,521463,Melbourne,16.1,1.8,17,97,76,Essendon 2,-37.7505,144.9143
ES2,21/07/2016,3074150,347469,534276,Melbourne,18.1,1.8,50,100,65,Essendon 2,-37.7505,144.9143
ES2,22/07/2016,3093829,326035,510127,Melbourne,18.3,7.8,59,76,73,Essendon 2,-37.7505,144.9143
ES2,23/07/2016,2498732,132572,379595,Melbourne,11.6,2.8,44,59,65,Essendon 2,-37.7505,144.9143
ES2,24/07/2016,2055805,69115,349383,Melbourne,11.4,0.8,48,76,64,Essendon 2,-37.7505,144.9143
ES2,25/07/2016,2870854,334107,508903,Melbourne,14.3,0,59,72,51,Essendon 2,-37.7505,144.9143
ES2,26/07/2016,2938674,354651,514423,Melbourne,11,4.8,46,68,60,Essendon 2,-37.7505,144.9143
ES2,27/07/2016,3012487,354633,524091,Melbourne,12.9,0.4,37,92,50,Essendon 2,-37.7505,144.9143
ES2,28/07/2016,3071177,352820,527148,Melbourne,15.2,0,37,73,52,Essendon 2,-37.7505,144.9143
ES2,29/07/2016,3165277,346864,513649,Melbourne,15.3,0,31,76,67,Essendon 2,-37.7505,144.9143
ES2,30/07/2016,2447342,138011,371426,Melbourne,13.8,2.4,59,85,74,Essendon 2,-37.7505,144.9143
ES2,31/07/2016,2092533,69245,355984,Melbourne,17,2,52,86,39,Essendon 2,-37.7505,144.9143
ESS,1/07/2016,4187220,403486,682050,Melbourne,14.1,6.4,28,89,61,Essendon,-37.7505,144.9143
ESS,2/07/2016,3567663,186967,571384,Melbourne,16.5,0.2,28,77,58,Essendon,-37.7505,144.9143
ESS,3/07/2016,3129053,119171,539452,Melbourne,16.7,0,41,76,57,Essendon,-37.7505,144.9143
ESS,4/07/2016,3848976,415606,683889,Melbourne,12.7,0,31,69,64,Essendon,-37.7505,144.9143
ESS,5/07/2016,3804403,400263,672055,Melbourne,12.8,0.6,28,87,91,Essendon,-37.7505,144.9143
ESS,6/07/2016,3972755,412262,696567,Melbourne,13,22.6,37,87,84,Essendon,-37.7505,144.9143
ESS,7/07/2016,4110223,410221,713265,Melbourne,13.7,3.8,31,97,80,Essendon,-37.7505,144.9143
ESS,8/07/2016,4271033,396887,732593,Melbourne,15.3,0.8,20,90,65,Essendon,-37.7505,144.9143
ESS,9/07/2016,3661496,185047,591547,Melbourne,15.2,0.2,13,100,60,Essendon,-37.7505,144.9143
ESS,10/07/2016,3078536,118582,512217,Melbourne,14.2,0,59,97,80,Essendon,-37.7505,144.9143
ESS,11/07/2016,3982644,434549,704045,Melbourne,16,3.6,59,67,57,Essendon,-37.7505,144.9143
ESS,12/07/2016,4085348,460930,721587,Melbourne,13.7,0,63,58,51,Essendon,-37.7505,144.9143
ESS,13/07/2016,4204603,453700,735575,Melbourne,12,0.4,43,67,55,Essendon,-37.7505,144.9143
ESS,14/07/2016,4334361,454589,753954,Melbourne,14,1,43,68,52,Essendon,-37.7505,144.9143
ESS,15/07/2016,4453424,437794,762956,Melbourne,14.1,0,20,64,63,Essendon,-37.7505,144.9143
ESS,16/07/2016,3848042,195814,590717,Melbourne,13.7,0,17,70,57,Essendon,-37.7505,144.9143
ESS,17/07/2016,3333722,127765,571423,Melbourne,16.1,0,56,77,45,Essendon,-37.7505,144.9143
ESS,18/07/2016,3983396,461449,720928,Melbourne,17.7,0,52,75,68,Essendon,-37.7505,144.9143
ESS,19/07/2016,4163874,460468,740919,Melbourne,16,0,20,79,68,Essendon,-37.7505,144.9143
ESS,20/07/2016,4273533,472171,745444,Melbourne,16.1,1.8,17,97,76,Essendon,-37.7505,144.9143
ESS,21/07/2016,4399588,457292,764636,Melbourne,18.1,1.8,50,100,65,Essendon,-37.7505,144.9143
ESS,22/07/2016,4462628,434797,755895,Melbourne,18.3,7.8,59,76,73,Essendon,-37.7505,144.9143
ESS,23/07/2016,3783098,192083,590784,Melbourne,11.6,2.8,44,59,65,Essendon,-37.7505,144.9143
ESS,24/07/2016,3192875,121008,550422,Melbourne,11.4,0.8,48,76,64,Essendon,-37.7505,144.9143
ESS,25/07/2016,4060919,451076,716657,Melbourne,14.3,0,59,72,51,Essendon,-37.7505,144.9143
ESS,26/07/2016,4136979,463158,726988,Melbourne,11,4.8,46,68,60,Essendon,-37.7505,144.9143
ESS,27/07/2016,4251423,465980,754535,Melbourne,12.9,0.4,37,92,50,Essendon,-37.7505,144.9143
ESS,28/07/2016,4410184,467770,764345,Melbourne,15.2,0,37,73,52,Essendon,-37.7505,144.9143
ESS,29/07/2016,4541936,446361,766378,Melbourne,15.3,0,31,76,67,Essendon,-37.7505,144.9143
ESS,30/07/2016,3781644,194841,582290,Melbourne,13.8,2.4,59,85,74,Essendon,-37.7505,144.9143
ESS,31/07/2016,3304511,118301,572318,Melbourne,17,2,52,86,39,Essendon,-37.7505,144.9143
FR2,1/07/2016,1119032,98131,208413,Melbourne,14.1,6.4,28,89,61,Frankston 2,-38.1466,145.1357
FR2,2/07/2016,1001833,43037,171136,Melbourne,16.5,0.2,28,77,58,Frankston 2,-38.1466,145.1357
FR2,3/07/2016,853299,25814,151616,Melbourne,16.7,0,41,76,57,Frankston 2,-38.1466,145.1357
FR2,4/07/2016,997847,99618,188633,Melbourne,12.7,0,31,69,64,Frankston 2,-38.1466,145.1357
FR2,5/07/2016,1006433,97308,187733,Melbourne,12.8,0.6,28,87,91,Frankston 2,-38.1466,145.1357
FR2,6/07/2016,1048646,98664,198756,Melbourne,13,22.6,37,87,84,Frankston 2,-38.1466,145.1357
FR2,7/07/2016,1067473,98436,200488,Melbourne,13.7,3.8,31,97,80,Frankston 2,-38.1466,145.1357
FR2,8/07/2016,1134030,94560,210375,Melbourne,15.3,0.8,20,90,65,Frankston 2,-38.1466,145.1357
FR2,9/07/2016,1055997,43982,183205,Melbourne,15.2,0.2,13,100,60,Frankston 2,-38.1466,145.1357
FR2,10/07/2016,845425,28694,144307,Melbourne,14.2,0,59,97,80,Frankston 2,-38.1466,145.1357
FR2,11/07/2016,1049650,106896,198034,Melbourne,16,3.6,59,67,57,Frankston 2,-38.1466,145.1357
FR2,12/07/2016,1058572,107799,202316,Melbourne,13.7,0,63,58,51,Frankston 2,-38.1466,145.1357
FR2,13/07/2016,1081755,106148,205577,Melbourne,12,0.4,43,67,55,Frankston 2,-38.1466,145.1357
FR2,14/07/2016,1140501,112441,215337,Melbourne,14,1,43,68,52,Frankston 2,-38.1466,145.1357
FR2,15/07/2016,1193243,106712,221042,Melbourne,14.1,0,20,64,63,Frankston 2,-38.1466,145.1357
FR2,16/07/2016,1064217,48467,177569,Melbourne,13.7,0,17,70,57,Frankston 2,-38.1466,145.1357
FR2,17/07/2016,917223,24774,165756,Melbourne,16.1,0,56,77,45,Frankston 2,-38.1466,145.1357
FR2,18/07/2016,1074970,110027,205607,Melbourne,17.7,0,52,75,68,Frankston 2,-38.1466,145.1357
FR2,19/07/2016,1059140,113266,197299,Melbourne,16,0,20,79,68,Frankston 2,-38.1466,145.1357
FR2,20/07/2016,1079417,113437,202794,Melbourne,16.1,1.8,17,97,76,Frankston 2,-38.1466,145.1357
FR2,21/07/2016,1089077,111056,204690,Melbourne,18.1,1.8,50,100,65,Frankston 2,-38.1466,145.1357
FR2,22/07/2016,1147585,101320,212202,Melbourne,18.3,7.8,59,76,73,Frankston 2,-38.1466,145.1357
FR2,23/07/2016,971517,39689,160549,Melbourne,11.6,2.8,44,59,65,Frankston 2,-38.1466,145.1357
FR2,24/07/2016,836374,24339,144251,Melbourne,11.4,0.8,48,76,64,Frankston 2,-38.1466,145.1357
FR2,25/07/2016,1032642,106814,199292,Melbourne,14.3,0,59,72,51,Frankston 2,-38.1466,145.1357
FR2,26/07/2016,1049410,109527,201671,Melbourne,11,4.8,46,68,60,Frankston 2,-38.1466,145.1357
FR2,27/07/2016,1102415,111991,210825,Melbourne,12.9,0.4,37,92,50,Frankston 2,-38.1466,145.1357
FR2,28/07/2016,1128704,112220,214876,Melbourne,15.2,0,37,73,52,Frankston 2,-38.1466,145.1357
FR2,29/07/2016,1179566,109018,212629,Melbourne,15.3,0,31,76,67,Frankston 2,-38.1466,145.1357
FR2,30/07/2016,1047367,45129,173435,Melbourne,13.8,2.4,59,85,74,Frankston 2,-38.1466,145.1357
FR2,31/07/2016,894972,26538,162520,Melbourne,17,2,52,86,39,Frankston 2,-38.1466,145.1357
FRA,1/07/2016,4848359,481400,883164,Melbourne,14.1,6.4,28,89,61,Frankston,-38.1466,145.1357
FRA,2/07/2016,4021319,201126,651559,Melbourne,16.5,0.2,28,77,58,Frankston,-38.1466,145.1357
FRA,3/07/2016,3333630,105374,593729,Melbourne,16.7,0,41,76,57,Frankston,-38.1466,145.1357
FRA,4/07/2016,4301756,490214,812236,Melbourne,12.7,0,31,69,64,Frankston,-38.1466,145.1357
FRA,5/07/2016,4413766,476068,838452,Melbourne,12.8,0.6,28,87,91,Frankston,-38.1466,145.1357
FRA,6/07/2016,4569161,493077,856069,Melbourne,13,22.6,37,87,84,Frankston,-38.1466,145.1357
FRA,7/07/2016,4726109,497806,869474,Melbourne,13.7,3.8,31,97,80,Frankston,-38.1466,145.1357
FRA,8/07/2016,4894736,481750,889254,Melbourne,15.3,0.8,20,90,65,Frankston,-38.1466,145.1357
FRA,9/07/2016,4260430,201253,711383,Melbourne,15.2,0.2,13,100,60,Frankston,-38.1466,145.1357
FRA,10/07/2016,3426108,109070,598057,Melbourne,14.2,0,59,97,80,Frankston,-38.1466,145.1357
FRA,11/07/2016,4569471,520389,864569,Melbourne,16,3.6,59,67,57,Frankston,-38.1466,145.1357
FRA,12/07/2016,4619416,550540,859687,Melbourne,13.7,0,63,58,51,Frankston,-38.1466,145.1357
FRA,13/07/2016,4730594,533440,891799,Melbourne,12,0.4,43,67,55,Frankston,-38.1466,145.1357
FRA,14/07/2016,4936793,547935,920404,Melbourne,14,1,43,68,52,Frankston,-38.1466,145.1357
FRA,15/07/2016,5116788,525156,922256,Melbourne,14.1,0,20,64,63,Frankston,-38.1466,145.1357
FRA,16/07/2016,4422264,213673,706318,Melbourne,13.7,0,17,70,57,Frankston,-38.1466,145.1357
FRA,17/07/2016,3670963,112018,662781,Melbourne,16.1,0,56,77,45,Frankston,-38.1466,145.1357
FRA,18/07/2016,4668661,549821,888873,Melbourne,17.7,0,52,75,68,Frankston,-38.1466,145.1357
FRA,19/07/2016,4808842,564351,905764,Melbourne,16,0,20,79,68,Frankston,-38.1466,145.1357
FRA,20/07/2016,4945512,566526,924173,Melbourne,16.1,1.8,17,97,76,Frankston,-38.1466,145.1357
FRA,21/07/2016,4999383,558227,929826,Melbourne,18.1,1.8,50,100,65,Frankston,-38.1466,145.1357
FRA,22/07/2016,5087355,526579,893473,Melbourne,18.3,7.8,59,76,73,Frankston,-38.1466,145.1357
FRA,23/07/2016,4269235,192469,681300,Melbourne,11.6,2.8,44,59,65,Frankston,-38.1466,145.1357
FRA,24/07/2016,3551670,108928,620073,Melbourne,11.4,0.8,48,76,64,Frankston,-38.1466,145.1357
FRA,25/07/2016,4573511,539685,869600,Melbourne,14.3,0,59,72,51,Frankston,-38.1466,145.1357
FRA,26/07/2016,4765845,559044,896572,Melbourne,11,4.8,46,68,60,Frankston,-38.1466,145.1357
FRA,27/07/2016,4893386,559177,923122,Melbourne,12.9,0.4,37,92,50,Frankston,-38.1466,145.1357
FRA,28/07/2016,4989316,563962,923897,Melbourne,15.2,0,37,73,52,Frankston,-38.1466,145.1357
FRA,29/07/2016,5154442,537855,907766,Melbourne,15.3,0,31,76,67,Frankston,-38.1466,145.1357
FRA,30/07/2016,4330607,213327,691411,Melbourne,13.8,2.4,59,85,74,Frankston,-38.1466,145.1357
FRA,31/07/2016,3678605,117261,656962,Melbourne,17,2,52,86,39,Frankston,-38.1466,145.1357
FT1,1/07/2016,4098267,459307,678162,Melbourne,14.1,6.4,28,89,61,Footscray,-37.7989,144.8924
FT1,2/07/2016,3123552,175178,478012,Melbourne,16.5,0.2,28,77,58,Footscray,-37.7989,144.8924
FT1,3/07/2016,2635351,99952,447270,Melbourne,16.7,0,41,76,57,Footscray,-37.7989,144.8924
FT1,4/07/2016,3770176,465344,654675,Melbourne,12.7,0,31,69,64,Footscray,-37.7989,144.8924
FT1,5/07/2016,3803938,444792,656073,Melbourne,12.8,0.6,28,87,91,Footscray,-37.7989,144.8924
FT1,6/07/2016,3950646,470505,673800,Melbourne,13,22.6,37,87,84,Footscray,-37.7989,144.8924
FT1,7/07/2016,4079236,473520,688261,Melbourne,13.7,3.8,31,97,80,Footscray,-37.7989,144.8924
FT1,8/07/2016,4171338,457394,702518,Melbourne,15.3,0.8,20,90,65,Footscray,-37.7989,144.8924
FT1,9/07/2016,3327165,175033,512894,Melbourne,15.2,0.2,13,100,60,Footscray,-37.7989,144.8924
FT1,10/07/2016,2589109,96636,426728,Melbourne,14.2,0,59,97,80,Footscray,-37.7989,144.8924
FT1,11/07/2016,3810654,463721,663449,Melbourne,16,3.6,59,67,57,Footscray,-37.7989,144.8924
FT1,12/07/2016,4030273,514860,692022,Melbourne,13.7,0,63,58,51,Footscray,-37.7989,144.8924
FT1,13/07/2016,4122874,509369,706299,Melbourne,12,0.4,43,67,55,Footscray,-37.7989,144.8924
FT1,14/07/2016,4230845,509999,711747,Melbourne,14,1,43,68,52,Footscray,-37.7989,144.8924
FT1,15/07/2016,4304023,495103,719277,Melbourne,14.1,0,20,64,63,Footscray,-37.7989,144.8924
FT1,16/07/2016,3408070,186255,514362,Melbourne,13.7,0,17,70,57,Footscray,-37.7989,144.8924
FT1,17/07/2016,2849769,109838,481517,Melbourne,16.1,0,56,77,45,Footscray,-37.7989,144.8924
FT1,18/07/2016,3968669,499400,677575,Melbourne,17.7,0,52,75,68,Footscray,-37.7989,144.8924
FT1,19/07/2016,4127457,514448,712085,Melbourne,16,0,20,79,68,Footscray,-37.7989,144.8924
FT1,20/07/2016,4194719,521445,701572,Melbourne,16.1,1.8,17,97,76,Footscray,-37.7989,144.8924
FT1,21/07/2016,4239004,506697,711394,Melbourne,18.1,1.8,50,100,65,Footscray,-37.7989,144.8924
FT1,22/07/2016,4254724,486088,701253,Melbourne,18.3,7.8,59,76,73,Footscray,-37.7989,144.8924
FT1,23/07/2016,3414626,176005,527822,Melbourne,11.6,2.8,44,59,65,Footscray,-37.7989,144.8924
FT1,24/07/2016,2753413,110818,456518,Melbourne,11.4,0.8,48,76,64,Footscray,-37.7989,144.8924
FT1,25/07/2016,3877761,469047,676062,Melbourne,14.3,0,59,72,51,Footscray,-37.7989,144.8924
FT1,26/07/2016,4118432,518265,700067,Melbourne,11,4.8,46,68,60,Footscray,-37.7989,144.8924
FT1,27/07/2016,4189722,515976,717384,Melbourne,12.9,0.4,37,92,50,Footscray,-37.7989,144.8924
FT1,28/07/2016,4283967,516179,725968,Melbourne,15.2,0,37,73,52,Footscray,-37.7989,144.8924
FT1,29/07/2016,4322953,501986,715497,Melbourne,15.3,0,31,76,67,Footscray,-37.7989,144.8924
FT1,30/07/2016,3343033,182866,499101,Melbourne,13.8,2.4,59,85,74,Footscray,-37.7989,144.8924
FT1,31/07/2016,2808801,102847,488468,Melbourne,17,2,52,86,39,Footscray,-37.7989,144.8924
FT2,1/07/2016,4171690,402151,692628,Melbourne,14.1,6.4,28,89,61,Footscray 2,-37.7989,144.8924
FT2,2/07/2016,3590533,177220,572311,Melbourne,16.5,0.2,28,77,58,Footscray 2,-37.7989,144.8924
FT2,3/07/2016,3099792,106072,533428,Melbourne,16.7,0,41,76,57,Footscray 2,-37.7989,144.8924
FT2,4/07/2016,3747958,405462,657448,Melbourne,12.7,0,31,69,64,Footscray 2,-37.7989,144.8924
FT2,5/07/2016,3705217,401015,639748,Melbourne,12.8,0.6,28,87,91,Footscray 2,-37.7989,144.8924
FT2,6/07/2016,3888347,411447,663098,Melbourne,13,22.6,37,87,84,Footscray 2,-37.7989,144.8924
FT2,7/07/2016,3948325,403205,671942,Melbourne,13.7,3.8,31,97,80,Footscray 2,-37.7989,144.8924
FT2,8/07/2016,4086219,392078,675772,Melbourne,15.3,0.8,20,90,65,Footscray 2,-37.7989,144.8924
FT2,9/07/2016,3641325,179335,579420,Melbourne,15.2,0.2,13,100,60,Footscray 2,-37.7989,144.8924
FT2,10/07/2016,2990938,102415,501735,Melbourne,14.2,0,59,97,80,Footscray 2,-37.7989,144.8924
FT2,11/07/2016,3819650,396836,660553,Melbourne,16,3.6,59,67,57,Footscray 2,-37.7989,144.8924
FT2,12/07/2016,3899903,444021,672361,Melbourne,13.7,0,63,58,51,Footscray 2,-37.7989,144.8924
FT2,13/07/2016,4004248,431398,680691,Melbourne,12,0.4,43,67,55,Footscray 2,-37.7989,144.8924
FT2,14/07/2016,4166498,444628,710029,Melbourne,14,1,43,68,52,Footscray 2,-37.7989,144.8924
FT2,15/07/2016,4311026,434308,711508,Melbourne,14.1,0,20,64,63,Footscray 2,-37.7989,144.8924
FT2,16/07/2016,3788390,179273,588906,Melbourne,13.7,0,17,70,57,Footscray 2,-37.7989,144.8924
FT2,17/07/2016,3264338,115628,557660,Melbourne,16.1,0,56,77,45,Footscray 2,-37.7989,144.8924
FT2,18/07/2016,3988269,449708,682712,Melbourne,17.7,0,52,75,68,Footscray 2,-37.7989,144.8924
FT2,19/07/2016,4065172,455123,697890,Melbourne,16,0,20,79,68,Footscray 2,-37.7989,144.8924
FT2,20/07/2016,4112157,449930,696548,Melbourne,16.1,1.8,17,97,76,Footscray 2,-37.7989,144.8924
FT2,21/07/2016,4222513,445405,706105,Melbourne,18.1,1.8,50,100,65,Footscray 2,-37.7989,144.8924
FT2,22/07/2016,4311331,430759,705304,Melbourne,18.3,7.8,59,76,73,Footscray 2,-37.7989,144.8924
FT2,23/07/2016,3783184,177753,594703,Melbourne,11.6,2.8,44,59,65,Footscray 2,-37.7989,144.8924
FT2,24/07/2016,3164146,116993,534762,Melbourne,11.4,0.8,48,76,64,Footscray 2,-37.7989,144.8924
FT2,25/07/2016,3927725,428007,684747,Melbourne,14.3,0,59,72,51,Footscray 2,-37.7989,144.8924
FT2,26/07/2016,4084874,458771,697107,Melbourne,11,4.8,46,68,60,Footscray 2,-37.7989,144.8924
FT2,27/07/2016,4121065,451320,707834,Melbourne,12.9,0.4,37,92,50,Footscray 2,-37.7989,144.8924
FT2,28/07/2016,4231431,454054,706197,Melbourne,15.2,0,37,73,52,Footscray 2,-37.7989,144.8924
FT2,29/07/2016,4291465,440128,688171,Melbourne,15.3,0,31,76,67,Footscray 2,-37.7989,144.8924
FT2,30/07/2016,3778248,182299,585826,Melbourne,13.8,2.4,59,85,74,Footscray 2,-37.7989,144.8924
FT2,31/07/2016,3245141,110878,548071,Melbourne,17,2,52,86,39,Footscray 2,-37.7989,144.8924
FT3,1/07/2016,3509556,339537,614766,Melbourne,14.1,6.4,28,89,61,Footscray 3,-37.7989,144.8924
FT3,2/07/2016,3077081,148274,501680,Melbourne,16.5,0.2,28,77,58,Footscray 3,-37.7989,144.8924
FT3,3/07/2016,2510506,81906,441748,Melbourne,16.7,0,41,76,57,Footscray 3,-37.7989,144.8924
FT3,4/07/2016,3160321,342574,577228,Melbourne,12.7,0,31,69,64,Footscray 3,-37.7989,144.8924
FT3,5/07/2016,3129768,338990,564021,Melbourne,12.8,0.6,28,87,91,Footscray 3,-37.7989,144.8924
FT3,6/07/2016,3309808,350934,586196,Melbourne,13,22.6,37,87,84,Footscray 3,-37.7989,144.8924
FT3,7/07/2016,3318310,342406,588540,Melbourne,13.7,3.8,31,97,80,Footscray 3,-37.7989,144.8924
FT3,8/07/2016,3558528,341568,614766,Melbourne,15.3,0.8,20,90,65,Footscray 3,-37.7989,144.8924
FT3,9/07/2016,3143987,150247,509214,Melbourne,15.2,0.2,13,100,60,Footscray 3,-37.7989,144.8924
FT3,10/07/2016,2496343,79673,426018,Melbourne,14.2,0,59,97,80,Footscray 3,-37.7989,144.8924
FT3,11/07/2016,3357122,359963,615707,Melbourne,16,3.6,59,67,57,Footscray 3,-37.7989,144.8924
FT3,12/07/2016,3396409,386324,610254,Melbourne,13.7,0,63,58,51,Footscray 3,-37.7989,144.8924
FT3,13/07/2016,3553051,385263,637337,Melbourne,12,0.4,43,67,55,Footscray 3,-37.7989,144.8924
FT3,14/07/2016,3637041,388936,644153,Melbourne,14,1,43,68,52,Footscray 3,-37.7989,144.8924
FT3,15/07/2016,3741849,375929,650692,Melbourne,14.1,0,20,64,63,Footscray 3,-37.7989,144.8924
FT3,16/07/2016,3251001,160382,514465,Melbourne,13.7,0,17,70,57,Footscray 3,-37.7989,144.8924
FT3,17/07/2016,2677441,88135,471970,Melbourne,16.1,0,56,77,45,Footscray 3,-37.7989,144.8924
FT3,18/07/2016,3462255,381870,636395,Melbourne,17.7,0,52,75,68,Footscray 3,-37.7989,144.8924
FT3,19/07/2016,3585634,397440,644141,Melbourne,16,0,20,79,68,Footscray 3,-37.7989,144.8924
FT3,20/07/2016,3659986,398929,655723,Melbourne,16.1,1.8,17,97,76,Footscray 3,-37.7989,144.8924
FT3,21/07/2016,3740385,390136,666402,Melbourne,18.1,1.8,50,100,65,Footscray 3,-37.7989,144.8924
FT3,22/07/2016,3750615,372990,637317,Melbourne,18.3,7.8,59,76,73,Footscray 3,-37.7989,144.8924
FT3,23/07/2016,3216145,152990,508169,Melbourne,11.6,2.8,44,59,65,Footscray 3,-37.7989,144.8924
FT3,24/07/2016,2662791,92281,450729,Melbourne,11.4,0.8,48,76,64,Footscray 3,-37.7989,144.8924
FT3,25/07/2016,3449649,375594,636527,Melbourne,14.3,0,59,72,51,Footscray 3,-37.7989,144.8924
FT3,26/07/2016,3573201,396481,651474,Melbourne,11,4.8,46,68,60,Footscray 3,-37.7989,144.8924
FT3,27/07/2016,3650390,401214,651853,Melbourne,12.9,0.4,37,92,50,Footscray 3,-37.7989,144.8924
FT3,28/07/2016,3834240,403068,675823,Melbourne,15.2,0,37,73,52,Footscray 3,-37.7989,144.8924
FT3,29/07/2016,3855458,387474,646553,Melbourne,15.3,0,31,76,67,Footscray 3,-37.7989,144.8924
FT3,30/07/2016,3334266,165751,518832,Melbourne,13.8,2.4,59,85,74,Footscray 3,-37.7989,144.8924
FT3,31/07/2016,2809305,91599,492837,Melbourne,17,2,52,86,39,Footscray 3,-37.7989,144.8924
GLI,1/07/2016,4650727,490894,766502,Melbourne,14.1,6.4,28,89,61,Glen Iris,-37.86,145.0593
GLI,2/07/2016,4065280,226210,620597,Melbourne,16.5,0.2,28,77,58,Glen Iris,-37.86,145.0593
GLI,3/07/2016,3577668,149795,581014,Melbourne,16.7,0,41,76,57,Glen Iris,-37.86,145.0593
GLI,4/07/2016,4321462,510788,721817,Melbourne,12.7,0,31,69,64,Glen Iris,-37.86,145.0593
GLI,5/07/2016,4302824,489143,725654,Melbourne,12.8,0.6,28,87,91,Glen Iris,-37.86,145.0593
GLI,6/07/2016,4420931,497389,725448,Melbourne,13,22.6,37,87,84,Glen Iris,-37.86,145.0593
GLI,7/07/2016,4556371,503533,744481,Melbourne,13.7,3.8,31,97,80,Glen Iris,-37.86,145.0593
GLI,8/07/2016,4633833,489551,750258,Melbourne,15.3,0.8,20,90,65,Glen Iris,-37.86,145.0593
GLI,9/07/2016,4157475,222741,635956,Melbourne,15.2,0.2,13,100,60,Glen Iris,-37.86,145.0593
GLI,10/07/2016,3554644,147445,585189,Melbourne,14.2,0,59,97,80,Glen Iris,-37.86,145.0593
GLI,11/07/2016,4291034,498481,728801,Melbourne,16,3.6,59,67,57,Glen Iris,-37.86,145.0593
GLI,12/07/2016,4519253,564042,740038,Melbourne,13.7,0,63,58,51,Glen Iris,-37.86,145.0593
GLI,13/07/2016,4608908,540957,760376,Melbourne,12,0.4,43,67,55,Glen Iris,-37.86,145.0593
GLI,14/07/2016,4723369,549679,751376,Melbourne,14,1,43,68,52,Glen Iris,-37.86,145.0593
GLI,15/07/2016,4824559,541411,774197,Melbourne,14.1,0,20,64,63,Glen Iris,-37.86,145.0593
GLI,16/07/2016,4390210,238552,666825,Melbourne,13.7,0,17,70,57,Glen Iris,-37.86,145.0593
GLI,17/07/2016,3757046,150258,619566,Melbourne,16.1,0,56,77,45,Glen Iris,-37.86,145.0593
GLI,18/07/2016,4389101,552824,716767,Melbourne,17.7,0,52,75,68,Glen Iris,-37.86,145.0593
GLI,19/07/2016,4586113,557527,756521,Melbourne,16,0,20,79,68,Glen Iris,-37.86,145.0593
GLI,20/07/2016,4639080,547880,754430,Melbourne,16.1,1.8,17,97,76,Glen Iris,-37.86,145.0593
GLI,21/07/2016,4791420,542322,770617,Melbourne,18.1,1.8,50,100,65,Glen Iris,-37.86,145.0593
GLI,22/07/2016,4740881,523494,763870,Melbourne,18.3,7.8,59,76,73,Glen Iris,-37.86,145.0593
GLI,23/07/2016,4236563,217598,641552,Melbourne,11.6,2.8,44,59,65,Glen Iris,-37.86,145.0593
GLI,24/07/2016,3726213,155252,605149,Melbourne,11.4,0.8,48,76,64,Glen Iris,-37.86,145.0593
GLI,25/07/2016,4385041,521136,745116,Melbourne,14.3,0,59,72,51,Glen Iris,-37.86,145.0593
GLI,26/07/2016,4682613,563041,766535,Melbourne,11,4.8,46,68,60,Glen Iris,-37.86,145.0593
GLI,27/07/2016,4744934,556375,763387,Melbourne,12.9,0.4,37,92,50,Glen Iris,-37.86,145.0593
GLI,28/07/2016,4801788,550850,772266,Melbourne,15.2,0,37,73,52,Glen Iris,-37.86,145.0593
GLI,29/07/2016,4859607,537998,766399,Melbourne,15.3,0,31,76,67,Glen Iris,-37.86,145.0593
GLI,30/07/2016,4429911,236551,667188,Melbourne,13.8,2.4,59,85,74,Glen Iris,-37.86,145.0593
GLI,31/07/2016,3821272,149269,628341,Melbourne,17,2,52,86,39,Glen Iris,-37.86,145.0593
GRE,1/07/2016,4954436,534900,843125,Melbourne,14.1,6.4,28,89,61,Greensborough,-37.7044,145.1006
GRE,2/07/2016,4410153,231133,721661,Melbourne,16.5,0.2,28,77,58,Greensborough,-37.7044,145.1006
GRE,3/07/2016,3753439,126963,662801,Melbourne,16.7,0,41,76,57,Greensborough,-37.7044,145.1006
GRE,4/07/2016,4500383,537450,799565,Melbourne,12.7,0,31,69,64,Greensborough,-37.7044,145.1006
GRE,5/07/2016,4552412,531577,801734,Melbourne,12.8,0.6,28,87,91,Greensborough,-37.7044,145.1006
GRE,6/07/2016,4756581,548187,831509,Melbourne,13,22.6,37,87,84,Greensborough,-37.7044,145.1006
GRE,7/07/2016,4922501,546366,847127,Melbourne,13.7,3.8,31,97,80,Greensborough,-37.7044,145.1006
GRE,8/07/2016,5029711,528624,852070,Melbourne,15.3,0.8,20,90,65,Greensborough,-37.7044,145.1006
GRE,9/07/2016,4479413,226731,744074,Melbourne,15.2,0.2,13,100,60,Greensborough,-37.7044,145.1006
GRE,10/07/2016,3782913,130403,650307,Melbourne,14.2,0,59,97,80,Greensborough,-37.7044,145.1006
GRE,11/07/2016,4747747,571689,830101,Melbourne,16,3.6,59,67,57,Greensborough,-37.7044,145.1006
GRE,12/07/2016,4851310,612213,851799,Melbourne,13.7,0,63,58,51,Greensborough,-37.7044,145.1006
GRE,13/07/2016,4998120,604894,851858,Melbourne,12,0.4,43,67,55,Greensborough,-37.7044,145.1006
GRE,14/07/2016,5130450,610680,857803,Melbourne,14,1,43,68,52,Greensborough,-37.7044,145.1006
GRE,15/07/2016,5211581,580760,878639,Melbourne,14.1,0,20,64,63,Greensborough,-37.7044,145.1006
GRE,16/07/2016,4653592,241832,760630,Melbourne,13.7,0,17,70,57,Greensborough,-37.7044,145.1006
GRE,17/07/2016,3997898,136596,705851,Melbourne,16.1,0,56,77,45,Greensborough,-37.7044,145.1006
GRE,18/07/2016,4852628,604210,854686,Melbourne,17.7,0,52,75,68,Greensborough,-37.7044,145.1006
GRE,19/07/2016,5010911,612599,869506,Melbourne,16,0,20,79,68,Greensborough,-37.7044,145.1006
GRE,20/07/2016,5129848,613261,879816,Melbourne,16.1,1.8,17,97,76,Greensborough,-37.7044,145.1006
GRE,21/07/2016,5177301,596512,889876,Melbourne,18.1,1.8,50,100,65,Greensborough,-37.7044,145.1006
GRE,22/07/2016,5239358,582296,863623,Melbourne,18.3,7.8,59,76,73,Greensborough,-37.7044,145.1006
GRE,23/07/2016,4598131,223146,738169,Melbourne,11.6,2.8,44,59,65,Greensborough,-37.7044,145.1006
GRE,24/07/2016,3886730,132529,674761,Melbourne,11.4,0.8,48,76,64,Greensborough,-37.7044,145.1006
GRE,25/07/2016,4766481,570069,844621,Melbourne,14.3,0,59,72,51,Greensborough,-37.7044,145.1006
GRE,26/07/2016,4992568,614489,864425,Melbourne,11,4.8,46,68,60,Greensborough,-37.7044,145.1006
GRE,27/07/2016,5120248,617017,877991,Melbourne,12.9,0.4,37,92,50,Greensborough,-37.7044,145.1006
GRE,28/07/2016,5243492,618478,889501,Melbourne,15.2,0,37,73,52,Greensborough,-37.7044,145.1006
GRE,29/07/2016,5309481,600458,855236,Melbourne,15.3,0,31,76,67,Greensborough,-37.7044,145.1006
GRE,30/07/2016,4718898,243077,743176,Melbourne,13.8,2.4,59,85,74,Greensborough,-37.7044,145.1006
GRE,31/07/2016,4084029,133634,717890,Melbourne,17,2,52,86,39,Greensborough,-37.7044,145.1006
KEW,1/07/2016,3427186,359963,551363,Melbourne,14.1,6.4,28,89,61,Kew,-37.8074,145.0289
KEW,2/07/2016,2945832,146435,456131,Melbourne,16.5,0.2,28,77,58,Kew,-37.8074,145.0289
KEW,3/07/2016,2517667,89924,420824,Melbourne,16.7,0,41,76,57,Kew,-37.8074,145.0289
KEW,4/07/2016,3162016,367083,531588,Melbourne,12.7,0,31,69,64,Kew,-37.8074,145.0289
KEW,5/07/2016,3309676,362672,541891,Melbourne,12.8,0.6,28,87,91,Kew,-37.8074,145.0289
KEW,6/07/2016,3411689,371296,547958,Melbourne,13,22.6,37,87,84,Kew,-37.8074,145.0289
KEW,7/07/2016,3435144,376350,548459,Melbourne,13.7,3.8,31,97,80,Kew,-37.8074,145.0289
KEW,8/07/2016,3401439,351529,545557,Melbourne,15.3,0.8,20,90,65,Kew,-37.8074,145.0289
KEW,9/07/2016,2957802,138290,456869,Melbourne,15.2,0.2,13,100,60,Kew,-37.8074,145.0289
KEW,10/07/2016,2566995,88299,433371,Melbourne,14.2,0,59,97,80,Kew,-37.8074,145.0289
KEW,11/07/2016,3260776,375332,556075,Melbourne,16,3.6,59,67,57,Kew,-37.8074,145.0289
KEW,12/07/2016,3503779,421047,570059,Melbourne,13.7,0,63,58,51,Kew,-37.8074,145.0289
KEW,13/07/2016,3587751,416770,572844,Melbourne,12,0.4,43,67,55,Kew,-37.8074,145.0289
KEW,14/07/2016,3649799,421360,578284,Melbourne,14,1,43,68,52,Kew,-37.8074,145.0289
KEW,15/07/2016,3651521,404741,580965,Melbourne,14.1,0,20,64,63,Kew,-37.8074,145.0289
KEW,16/07/2016,3293565,163275,500340,Melbourne,13.7,0,17,70,57,Kew,-37.8074,145.0289
KEW,17/07/2016,2788649,105799,471156,Melbourne,16.1,0,56,77,45,Kew,-37.8074,145.0289
KEW,18/07/2016,3371380,402369,562625,Melbourne,17.7,0,52,75,68,Kew,-37.8074,145.0289
KEW,19/07/2016,3551452,420410,571609,Melbourne,16,0,20,79,68,Kew,-37.8074,145.0289
KEW,20/07/2016,3559355,415730,571681,Melbourne,16.1,1.8,17,97,76,Kew,-37.8074,145.0289
KEW,21/07/2016,3662886,412468,582751,Melbourne,18.1,1.8,50,100,65,Kew,-37.8074,145.0289
KEW,22/07/2016,3666786,406062,574491,Melbourne,18.3,7.8,59,76,73,Kew,-37.8074,145.0289
KEW,23/07/2016,3340092,160619,499975,Melbourne,11.6,2.8,44,59,65,Kew,-37.8074,145.0289
KEW,24/07/2016,2783591,99619,451742,Melbourne,11.4,0.8,48,76,64,Kew,-37.8074,145.0289
KEW,25/07/2016,3316409,398683,564372,Melbourne,14.3,0,59,72,51,Kew,-37.8074,145.0289
KEW,26/07/2016,3582153,422923,580158,Melbourne,11,4.8,46,68,60,Kew,-37.8074,145.0289
KEW,27/07/2016,3598367,417307,573009,Melbourne,12.9,0.4,37,92,50,Kew,-37.8074,145.0289
KEW,28/07/2016,3645048,416761,582290,Melbourne,15.2,0,37,73,52,Kew,-37.8074,145.0289
KEW,29/07/2016,3704468,412356,568058,Melbourne,15.3,0,31,76,67,Kew,-37.8074,145.0289
KEW,30/07/2016,3361497,168457,503030,Melbourne,13.8,2.4,59,85,74,Kew,-37.8074,145.0289
KEW,31/07/2016,2930130,101325,478728,Melbourne,17,2,52,86,39,Kew,-37.8074,145.0289
MC1,1/07/2016,4185533,399804,583875,Melbourne,14.1,6.4,28,89,61,Melbourne City 1,-37.8136,144.9631
MC1,2/07/2016,3719636,201246,479670,Melbourne,16.5,0.2,28,77,58,Melbourne City 1,-37.8136,144.9631
MC1,3/07/2016,3330825,153613,458788,Melbourne,16.7,0,41,76,57,Melbourne City 1,-37.8136,144.9631
MC1,4/07/2016,3709840,400269,555303,Melbourne,12.7,0,31,69,64,Melbourne City 1,-37.8136,144.9631
MC1,5/07/2016,3854824,392239,569610,Melbourne,12.8,0.6,28,87,91,Melbourne City 1,-37.8136,144.9631
MC1,6/07/2016,3939348,399881,570295,Melbourne,13,22.6,37,87,84,Melbourne City 1,-37.8136,144.9631
MC1,7/07/2016,4054015,404009,567783,Melbourne,13.7,3.8,31,97,80,Melbourne City 1,-37.8136,144.9631
MC1,8/07/2016,4216330,401054,572560,Melbourne,15.3,0.8,20,90,65,Melbourne City 1,-37.8136,144.9631
MC1,9/07/2016,3782667,200660,478327,Melbourne,15.2,0.2,13,100,60,Melbourne City 1,-37.8136,144.9631
MC1,10/07/2016,3286503,149926,462328,Melbourne,14.2,0,59,97,80,Melbourne City 1,-37.8136,144.9631
MC1,11/07/2016,3621688,378815,549589,Melbourne,16,3.6,59,67,57,Melbourne City 1,-37.8136,144.9631
MC1,12/07/2016,3908203,417446,572342,Melbourne,13.7,0,63,58,51,Melbourne City 1,-37.8136,144.9631
MC1,13/07/2016,3996268,417194,582555,Melbourne,12,0.4,43,67,55,Melbourne City 1,-37.8136,144.9631
MC1,14/07/2016,4104000,421794,587887,Melbourne,14,1,43,68,52,Melbourne City 1,-37.8136,144.9631
MC1,15/07/2016,4300215,409148,591190,Melbourne,14.1,0,20,64,63,Melbourne City 1,-37.8136,144.9631
MC1,16/07/2016,3871846,214806,500293,Melbourne,13.7,0,17,70,57,Melbourne City 1,-37.8136,144.9631
MC1,17/07/2016,3305681,151417,469432,Melbourne,16.1,0,56,77,45,Melbourne City 1,-37.8136,144.9631
MC1,18/07/2016,3652440,404973,560864,Melbourne,17.7,0,52,75,68,Melbourne City 1,-37.8136,144.9631
MC1,19/07/2016,3905882,415450,583979,Melbourne,16,0,20,79,68,Melbourne City 1,-37.8136,144.9631
MC1,20/07/2016,4008690,417482,584612,Melbourne,16.1,1.8,17,97,76,Melbourne City 1,-37.8136,144.9631
MC1,21/07/2016,4082845,412881,584304,Melbourne,18.1,1.8,50,100,65,Melbourne City 1,-37.8136,144.9631
MC1,22/07/2016,4312491,410049,591932,Melbourne,18.3,7.8,59,76,73,Melbourne City 1,-37.8136,144.9631
MC1,23/07/2016,3899958,207320,497478,Melbourne,11.6,2.8,44,59,65,Melbourne City 1,-37.8136,144.9631
MC1,24/07/2016,3467548,168089,476621,Melbourne,11.4,0.8,48,76,64,Melbourne City 1,-37.8136,144.9631
MC1,25/07/2016,3678458,386674,564941,Melbourne,14.3,0,59,72,51,Melbourne City 1,-37.8136,144.9631
MC1,26/07/2016,3968686,414878,582224,Melbourne,11,4.8,46,68,60,Melbourne City 1,-37.8136,144.9631
MC1,27/07/2016,4045339,417572,597711,Melbourne,12.9,0.4,37,92,50,Melbourne City 1,-37.8136,144.9631
MC1,28/07/2016,4138882,418962,593738,Melbourne,15.2,0,37,73,52,Melbourne City 1,-37.8136,144.9631
MC1,29/07/2016,4377659,418135,586689,Melbourne,15.3,0,31,76,67,Melbourne City 1,-37.8136,144.9631
MC1,30/07/2016,3863055,217282,476043,Melbourne,13.8,2.4,59,85,74,Melbourne City 1,-37.8136,144.9631
MC1,31/07/2016,3352520,153947,473040,Melbourne,17,2,52,86,39,Melbourne City 1,-37.8136,144.9631
MC2,1/07/2016,4402875,462945,648326,Melbourne,14.1,6.4,28,89,61,Melbourne City 2,-37.8136,144.9631
MC2,2/07/2016,3961537,218687,527725,Melbourne,16.5,0.2,28,77,58,Melbourne City 2,-37.8136,144.9631
MC2,3/07/2016,3497167,143404,507459,Melbourne,16.7,0,41,76,57,Melbourne City 2,-37.8136,144.9631
MC2,4/07/2016,3949300,463725,615571,Melbourne,12.7,0,31,69,64,Melbourne City 2,-37.8136,144.9631
MC2,5/07/2016,4002108,446427,620878,Melbourne,12.8,0.6,28,87,91,Melbourne City 2,-37.8136,144.9631
MC2,6/07/2016,4238941,471140,634580,Melbourne,13,22.6,37,87,84,Melbourne City 2,-37.8136,144.9631
MC2,7/07/2016,4268538,462919,638573,Melbourne,13.7,3.8,31,97,80,Melbourne City 2,-37.8136,144.9631
MC2,8/07/2016,4429203,466106,642087,Melbourne,15.3,0.8,20,90,65,Melbourne City 2,-37.8136,144.9631
MC2,9/07/2016,4046014,220260,549628,Melbourne,15.2,0.2,13,100,60,Melbourne City 2,-37.8136,144.9631
MC2,10/07/2016,3403878,141689,507840,Melbourne,14.2,0,59,97,80,Melbourne City 2,-37.8136,144.9631
MC2,11/07/2016,3932354,447952,628236,Melbourne,16,3.6,59,67,57,Melbourne City 2,-37.8136,144.9631
MC2,12/07/2016,4178593,490185,636694,Melbourne,13.7,0,63,58,51,Melbourne City 2,-37.8136,144.9631
MC2,13/07/2016,4246089,482299,638295,Melbourne,12,0.4,43,67,55,Melbourne City 2,-37.8136,144.9631
MC2,14/07/2016,4353992,489528,646991,Melbourne,14,1,43,68,52,Melbourne City 2,-37.8136,144.9631
MC2,15/07/2016,4516170,483096,661121,Melbourne,14.1,0,20,64,63,Melbourne City 2,-37.8136,144.9631
MC2,16/07/2016,4092148,227783,545532,Melbourne,13.7,0,17,70,57,Melbourne City 2,-37.8136,144.9631
MC2,17/07/2016,3595336,159707,540062,Melbourne,16.1,0,56,77,45,Melbourne City 2,-37.8136,144.9631
MC2,18/07/2016,4007688,476976,636104,Melbourne,17.7,0,52,75,68,Melbourne City 2,-37.8136,144.9631
MC2,19/07/2016,4175685,490068,632788,Melbourne,16,0,20,79,68,Melbourne City 2,-37.8136,144.9631
MC2,20/07/2016,4260257,482955,640012,Melbourne,16.1,1.8,17,97,76,Melbourne City 2,-37.8136,144.9631
MC2,21/07/2016,4319283,477804,640503,Melbourne,18.1,1.8,50,100,65,Melbourne City 2,-37.8136,144.9631
MC2,22/07/2016,4448486,465159,640928,Melbourne,18.3,7.8,59,76,73,Melbourne City 2,-37.8136,144.9631
MC2,23/07/2016,4112737,218087,542261,Melbourne,11.6,2.8,44,59,65,Melbourne City 2,-37.8136,144.9631
MC2,24/07/2016,3648485,181377,521319,Melbourne,11.4,0.8,48,76,64,Melbourne City 2,-37.8136,144.9631
MC2,25/07/2016,3933505,456780,631482,Melbourne,14.3,0,59,72,51,Melbourne City 2,-37.8136,144.9631
MC2,26/07/2016,4224592,490045,646868,Melbourne,11,4.8,46,68,60,Melbourne City 2,-37.8136,144.9631
MC2,27/07/2016,4295323,484391,649292,Melbourne,12.9,0.4,37,92,50,Melbourne City 2,-37.8136,144.9631
MC2,28/07/2016,4392690,483563,653096,Melbourne,15.2,0,37,73,52,Melbourne City 2,-37.8136,144.9631
MC2,29/07/2016,4579613,488544,643528,Melbourne,15.3,0,31,76,67,Melbourne City 2,-37.8136,144.9631
MC2,30/07/2016,4192436,230570,545577,Melbourne,13.8,2.4,59,85,74,Melbourne City 2,-37.8136,144.9631
MC2,31/07/2016,3594172,151548,539056,Melbourne,17,2,52,86,39,Melbourne City 2,-37.8136,144.9631
MC3,1/07/2016,529920,59527,83556,Melbourne,14.1,6.4,28,89,61,Melbourne City 3,-37.8136,144.9631
MC3,2/07/2016,388471,24465,52561,Melbourne,16.5,0.2,28,77,58,Melbourne City 3,-37.8136,144.9631
MC3,3/07/2016,336162,17402,51959,Melbourne,16.7,0,41,76,57,Melbourne City 3,-37.8136,144.9631
MC3,4/07/2016,463597,57606,78012,Melbourne,12.7,0,31,69,64,Melbourne City 3,-37.8136,144.9631
MC3,5/07/2016,497079,57548,81735,Melbourne,12.8,0.6,28,87,91,Melbourne City 3,-37.8136,144.9631
MC3,6/07/2016,509353,57896,80760,Melbourne,13,22.6,37,87,84,Melbourne City 3,-37.8136,144.9631
MC3,7/07/2016,512924,60585,82906,Melbourne,13.7,3.8,31,97,80,Melbourne City 3,-37.8136,144.9631
MC3,8/07/2016,565773,58068,86144,Melbourne,15.3,0.8,20,90,65,Melbourne City 3,-37.8136,144.9631
MC3,9/07/2016,465632,27948,66060,Melbourne,15.2,0.2,13,100,60,Melbourne City 3,-37.8136,144.9631
MC3,10/07/2016,363605,14825,60714,Melbourne,14.2,0,59,97,80,Melbourne City 3,-37.8136,144.9631
MC3,11/07/2016,447831,51495,76023,Melbourne,16,3.6,59,67,57,Melbourne City 3,-37.8136,144.9631
MC3,12/07/2016,493710,62159,82409,Melbourne,13.7,0,63,58,51,Melbourne City 3,-37.8136,144.9631
MC3,13/07/2016,507193,59453,83658,Melbourne,12,0.4,43,67,55,Melbourne City 3,-37.8136,144.9631
MC3,14/07/2016,517378,60266,84291,Melbourne,14,1,43,68,52,Melbourne City 3,-37.8136,144.9631
MC3,15/07/2016,537411,58902,84336,Melbourne,14.1,0,20,64,63,Melbourne City 3,-37.8136,144.9631
MC3,16/07/2016,431302,26843,63105,Melbourne,13.7,0,17,70,57,Melbourne City 3,-37.8136,144.9631
MC3,17/07/2016,371027,18266,55933,Melbourne,16.1,0,56,77,45,Melbourne City 3,-37.8136,144.9631
MC3,18/07/2016,468667,60711,78685,Melbourne,17.7,0,52,75,68,Melbourne City 3,-37.8136,144.9631
MC3,19/07/2016,495479,60237,83471,Melbourne,16,0,20,79,68,Melbourne City 3,-37.8136,144.9631
MC3,20/07/2016,498646,60159,80704,Melbourne,16.1,1.8,17,97,76,Melbourne City 3,-37.8136,144.9631
MC3,21/07/2016,534940,63313,83544,Melbourne,18.1,1.8,50,100,65,Melbourne City 3,-37.8136,144.9631
MC3,22/07/2016,607664,63287,87719,Melbourne,18.3,7.8,59,76,73,Melbourne City 3,-37.8136,144.9631
MC3,23/07/2016,458086,25566,64884,Melbourne,11.6,2.8,44,59,65,Melbourne City 3,-37.8136,144.9631
MC3,24/07/2016,398255,19228,60274,Melbourne,11.4,0.8,48,76,64,Melbourne City 3,-37.8136,144.9631
MC3,25/07/2016,486501,57931,76754,Melbourne,14.3,0,59,72,51,Melbourne City 3,-37.8136,144.9631
MC3,26/07/2016,529852,63640,81570,Melbourne,11,4.8,46,68,60,Melbourne City 3,-37.8136,144.9631
MC3,27/07/2016,539123,65556,82912,Melbourne,12.9,0.4,37,92,50,Melbourne City 3,-37.8136,144.9631
MC3,28/07/2016,564440,66413,84493,Melbourne,15.2,0,37,73,52,Melbourne City 3,-37.8136,144.9631
MC3,29/07/2016,597422,67305,86019,Melbourne,15.3,0,31,76,67,Melbourne City 3,-37.8136,144.9631
MC3,30/07/2016,496929,31890,62251,Melbourne,13.8,2.4,59,85,74,Melbourne City 3,-37.8136,144.9631
MC3,31/07/2016,364460,19948,51505,Melbourne,17,2,52,86,39,Melbourne City 3,-37.8136,144.9631
MEN,1/07/2016,5170109,572598,898281,Melbourne,14.1,6.4,28,89,61,Mentone,-37.9812,145.0648
MEN,2/07/2016,4156801,210659,694289,Melbourne,16.5,0.2,28,77,58,Mentone,-37.9812,145.0648
MEN,3/07/2016,3498935,115046,631733,Melbourne,16.7,0,41,76,57,Mentone,-37.9812,145.0648
MEN,4/07/2016,4722261,578585,862627,Melbourne,12.7,0,31,69,64,Mentone,-37.9812,145.0648
MEN,5/07/2016,4763759,554362,873777,Melbourne,12.8,0.6,28,87,91,Mentone,-37.9812,145.0648
MEN,6/07/2016,4962230,587225,891466,Melbourne,13,22.6,37,87,84,Mentone,-37.9812,145.0648
MEN,7/07/2016,5081482,591917,901111,Melbourne,13.7,3.8,31,97,80,Mentone,-37.9812,145.0648
MEN,8/07/2016,5199171,569191,901429,Melbourne,15.3,0.8,20,90,65,Mentone,-37.9812,145.0648
MEN,9/07/2016,4365670,217419,733116,Melbourne,15.2,0.2,13,100,60,Mentone,-37.9812,145.0648
MEN,10/07/2016,3582940,121307,631888,Melbourne,14.2,0,59,97,80,Mentone,-37.9812,145.0648
MEN,11/07/2016,4915186,596610,892643,Melbourne,16,3.6,59,67,57,Mentone,-37.9812,145.0648
MEN,12/07/2016,5033110,639324,898195,Melbourne,13.7,0,63,58,51,Mentone,-37.9812,145.0648
MEN,13/07/2016,5161056,635083,910997,Melbourne,12,0.4,43,67,55,Mentone,-37.9812,145.0648
MEN,14/07/2016,5365118,653786,930235,Melbourne,14,1,43,68,52,Mentone,-37.9812,145.0648
MEN,15/07/2016,5452109,627968,938479,Melbourne,14.1,0,20,64,63,Mentone,-37.9812,145.0648
MEN,16/07/2016,4606794,231154,755397,Melbourne,13.7,0,17,70,57,Mentone,-37.9812,145.0648
MEN,17/07/2016,3929215,135114,710391,Melbourne,16.1,0,56,77,45,Mentone,-37.9812,145.0648
MEN,18/07/2016,5011509,633016,908715,Melbourne,17.7,0,52,75,68,Mentone,-37.9812,145.0648
MEN,19/07/2016,5170646,658341,913773,Melbourne,16,0,20,79,68,Mentone,-37.9812,145.0648
MEN,20/07/2016,5250375,647224,923472,Melbourne,16.1,1.8,17,97,76,Mentone,-37.9812,145.0648
MEN,21/07/2016,5312972,646156,932122,Melbourne,18.1,1.8,50,100,65,Mentone,-37.9812,145.0648
MEN,22/07/2016,5335954,609530,920346,Melbourne,18.3,7.8,59,76,73,Mentone,-37.9812,145.0648
MEN,23/07/2016,4578467,218241,739958,Melbourne,11.6,2.8,44,59,65,Mentone,-37.9812,145.0648
MEN,24/07/2016,3830190,132969,679326,Melbourne,11.4,0.8,48,76,64,Mentone,-37.9812,145.0648
MEN,25/07/2016,4948529,628074,905375,Melbourne,14.3,0,59,72,51,Mentone,-37.9812,145.0648
MEN,26/07/2016,5222729,670184,929241,Melbourne,11,4.8,46,68,60,Mentone,-37.9812,145.0648
MEN,27/07/2016,5267217,654443,934413,Melbourne,12.9,0.4,37,92,50,Mentone,-37.9812,145.0648
MEN,28/07/2016,5393289,663410,943545,Melbourne,15.2,0,37,73,52,Mentone,-37.9812,145.0648
MEN,29/07/2016,5484659,635742,924344,Melbourne,15.3,0,31,76,67,Mentone,-37.9812,145.0648
MEN,30/07/2016,4624729,227043,748863,Melbourne,13.8,2.4,59,85,74,Mentone,-37.9812,145.0648
MEN,31/07/2016,3936389,127427,717384,Melbourne,17,2,52,86,39,Mentone,-37.9812,145.0648
MNP,1/07/2016,3104585,311802,476141,Melbourne,14.1,6.4,28,89,61,Moonee Ponds,-37.7665,144.9196
MNP,2/07/2016,2845070,155686,427206,Melbourne,16.5,0.2,28,77,58,Moonee Ponds,-37.7665,144.9196
MNP,3/07/2016,2496860,104698,402013,Melbourne,16.7,0,41,76,57,Moonee Ponds,-37.7665,144.9196
MNP,4/07/2016,2885849,315684,467216,Melbourne,12.7,0,31,69,64,Moonee Ponds,-37.7665,144.9196
MNP,5/07/2016,2882381,309920,463161,Melbourne,12.8,0.6,28,87,91,Moonee Ponds,-37.7665,144.9196
MNP,6/07/2016,3004473,325756,472500,Melbourne,13,22.6,37,87,84,Moonee Ponds,-37.7665,144.9196
MNP,7/07/2016,3062232,319739,474215,Melbourne,13.7,3.8,31,97,80,Moonee Ponds,-37.7665,144.9196
MNP,8/07/2016,3130170,309724,475921,Melbourne,15.3,0.8,20,90,65,Moonee Ponds,-37.7665,144.9196
MNP,9/07/2016,2939755,156839,437670,Melbourne,15.2,0.2,13,100,60,Moonee Ponds,-37.7665,144.9196
MNP,10/07/2016,2499528,105441,396476,Melbourne,14.2,0,59,97,80,Moonee Ponds,-37.7665,144.9196
MNP,11/07/2016,2863931,318156,468534,Melbourne,16,3.6,59,67,57,Moonee Ponds,-37.7665,144.9196
MNP,12/07/2016,2948646,343743,475016,Melbourne,13.7,0,63,58,51,Moonee Ponds,-37.7665,144.9196
MNP,13/07/2016,3024474,337483,485490,Melbourne,12,0.4,43,67,55,Moonee Ponds,-37.7665,144.9196
MNP,14/07/2016,3108578,339894,483607,Melbourne,14,1,43,68,52,Moonee Ponds,-37.7665,144.9196
MNP,15/07/2016,3177142,326753,492124,Melbourne,14.1,0,20,64,63,Moonee Ponds,-37.7665,144.9196
MNP,16/07/2016,3016235,160579,439540,Melbourne,13.7,0,17,70,57,Moonee Ponds,-37.7665,144.9196
MNP,17/07/2016,2641373,111764,428379,Melbourne,16.1,0,56,77,45,Moonee Ponds,-37.7665,144.9196
MNP,18/07/2016,2886267,334184,472301,Melbourne,17.7,0,52,75,68,Moonee Ponds,-37.7665,144.9196
MNP,19/07/2016,2979639,338957,481965,Melbourne,16,0,20,79,68,Moonee Ponds,-37.7665,144.9196
MNP,20/07/2016,3044435,340307,481342,Melbourne,16.1,1.8,17,97,76,Moonee Ponds,-37.7665,144.9196
MNP,21/07/2016,3120574,336804,486090,Melbourne,18.1,1.8,50,100,65,Moonee Ponds,-37.7665,144.9196
MNP,22/07/2016,3193297,329305,483513,Melbourne,18.3,7.8,59,76,73,Moonee Ponds,-37.7665,144.9196
MNP,23/07/2016,2981817,158241,435235,Melbourne,11.6,2.8,44,59,65,Moonee Ponds,-37.7665,144.9196
MNP,24/07/2016,2580803,105976,412873,Melbourne,11.4,0.8,48,76,64,Moonee Ponds,-37.7665,144.9196
MNP,25/07/2016,2877155,323966,474420,Melbourne,14.3,0,59,72,51,Moonee Ponds,-37.7665,144.9196
MNP,26/07/2016,3012213,344163,482047,Melbourne,11,4.8,46,68,60,Moonee Ponds,-37.7665,144.9196
MNP,27/07/2016,3045797,341049,479050,Melbourne,12.9,0.4,37,92,50,Moonee Ponds,-37.7665,144.9196
MNP,28/07/2016,3117095,340831,482489,Melbourne,15.2,0,37,73,52,Moonee Ponds,-37.7665,144.9196
MNP,29/07/2016,3175986,332086,477738,Melbourne,15.3,0,31,76,67,Moonee Ponds,-37.7665,144.9196
MNP,30/07/2016,2946050,159301,420958,Melbourne,13.8,2.4,59,85,74,Moonee Ponds,-37.7665,144.9196
MNP,31/07/2016,2624354,107128,418129,Melbourne,17,2,52,86,39,Moonee Ponds,-37.7665,144.9196
PR2,1/07/2016,3346400,350805,557737,Melbourne,14.1,6.4,28,89,61,Preston 2,-37.7431,145.0081
PR2,2/07/2016,2837479,157542,434142,Melbourne,16.5,0.2,28,77,58,Preston 2,-37.7431,145.0081
PR2,3/07/2016,2398869,89138,392172,Melbourne,16.7,0,41,76,57,Preston 2,-37.7431,145.0081
PR2,4/07/2016,3086035,346290,538395,Melbourne,12.7,0,31,69,64,Preston 2,-37.7431,145.0081
PR2,5/07/2016,3086367,338705,535778,Melbourne,12.8,0.6,28,87,91,Preston 2,-37.7431,145.0081
PR2,6/07/2016,3235446,362671,551981,Melbourne,13,22.6,37,87,84,Preston 2,-37.7431,145.0081
PR2,7/07/2016,3310931,351450,566762,Melbourne,13.7,3.8,31,97,80,Preston 2,-37.7431,145.0081
PR2,8/07/2016,3385281,346413,563258,Melbourne,15.3,0.8,20,90,65,Preston 2,-37.7431,145.0081
PR2,9/07/2016,2875833,154890,435553,Melbourne,15.2,0.2,13,100,60,Preston 2,-37.7431,145.0081
PR2,10/07/2016,2317222,84732,370175,Melbourne,14.2,0,59,97,80,Preston 2,-37.7431,145.0081
PR2,11/07/2016,3108712,349238,541848,Melbourne,16,3.6,59,67,57,Preston 2,-37.7431,145.0081
PR2,12/07/2016,3184460,376399,552456,Melbourne,13.7,0,63,58,51,Preston 2,-37.7431,145.0081
PR2,13/07/2016,3290601,371499,570767,Melbourne,12,0.4,43,67,55,Preston 2,-37.7431,145.0081
PR2,14/07/2016,3415645,380990,584126,Melbourne,14,1,43,68,52,Preston 2,-37.7431,145.0081
PR2,15/07/2016,3506859,370579,575787,Melbourne,14.1,0,20,64,63,Preston 2,-37.7431,145.0081
PR2,16/07/2016,2935962,159070,435722,Melbourne,13.7,0,17,70,57,Preston 2,-37.7431,145.0081
PR2,17/07/2016,2456249,87342,397513,Melbourne,16.1,0,56,77,45,Preston 2,-37.7431,145.0081
PR2,18/07/2016,3214463,371381,562166,Melbourne,17.7,0,52,75,68,Preston 2,-37.7431,145.0081
PR2,19/07/2016,3300868,381768,571108,Melbourne,16,0,20,79,68,Preston 2,-37.7431,145.0081
PR2,20/07/2016,3364515,382695,571142,Melbourne,16.1,1.8,17,97,76,Preston 2,-37.7431,145.0081
PR2,21/07/2016,3446873,380605,582157,Melbourne,18.1,1.8,50,100,65,Preston 2,-37.7431,145.0081
PR2,22/07/2016,3459099,357017,566829,Melbourne,18.3,7.8,59,76,73,Preston 2,-37.7431,145.0081
PR2,23/07/2016,2890604,152131,422324,Melbourne,11.6,2.8,44,59,65,Preston 2,-37.7431,145.0081
PR2,24/07/2016,2422351,88941,392474,Melbourne,11.4,0.8,48,76,64,Preston 2,-37.7431,145.0081
PR2,25/07/2016,3159116,358142,551194,Melbourne,14.3,0,59,72,51,Preston 2,-37.7431,145.0081
PR2,26/07/2016,3262532,383142,563496,Melbourne,11,4.8,46,68,60,Preston 2,-37.7431,145.0081
PR2,27/07/2016,3308730,381449,568189,Melbourne,12.9,0.4,37,92,50,Preston 2,-37.7431,145.0081
PR2,28/07/2016,3404666,381389,576028,Melbourne,15.2,0,37,73,52,Preston 2,-37.7431,145.0081
PR2,29/07/2016,3464441,371711,554528,Melbourne,15.3,0,31,76,67,Preston 2,-37.7431,145.0081
PR2,30/07/2016,2897718,161496,421395,Melbourne,13.8,2.4,59,85,74,Preston 2,-37.7431,145.0081
PR2,31/07/2016,2470286,85664,403645,Melbourne,17,2,52,86,39,Preston 2,-37.7431,145.0081
PRS,1/07/2016,3856985,399755,609769,Melbourne,14.1,6.4,28,89,61,Preston,-37.7431,145.0081
PRS,2/07/2016,3393407,191968,511145,Melbourne,16.5,0.2,28,77,58,Preston,-37.7431,145.0081
PRS,3/07/2016,2893787,113119,476095,Melbourne,16.7,0,41,76,57,Preston,-37.7431,145.0081
PRS,4/07/2016,3490655,392768,587021,Melbourne,12.7,0,31,69,64,Preston,-37.7431,145.0081
PRS,5/07/2016,3532675,387080,588014,Melbourne,12.8,0.6,28,87,91,Preston,-37.7431,145.0081
PRS,6/07/2016,3709972,410762,603874,Melbourne,13,22.6,37,87,84,Preston,-37.7431,145.0081
PRS,7/07/2016,3800414,404327,612006,Melbourne,13.7,3.8,31,97,80,Preston,-37.7431,145.0081
PRS,8/07/2016,3866900,395416,605467,Melbourne,15.3,0.8,20,90,65,Preston,-37.7431,145.0081
PRS,9/07/2016,3471099,184121,520331,Melbourne,15.2,0.2,13,100,60,Preston,-37.7431,145.0081
PRS,10/07/2016,2899029,113798,471193,Melbourne,14.2,0,59,97,80,Preston,-37.7431,145.0081
PRS,11/07/2016,3541215,402988,587091,Melbourne,16,3.6,59,67,57,Preston,-37.7431,145.0081
PRS,12/07/2016,3625072,432090,594280,Melbourne,13.7,0,63,58,51,Preston,-37.7431,145.0081
PRS,13/07/2016,3774009,423728,612376,Melbourne,12,0.4,43,67,55,Preston,-37.7431,145.0081
PRS,14/07/2016,3924578,442463,626819,Melbourne,14,1,43,68,52,Preston,-37.7431,145.0081
PRS,15/07/2016,3983861,428550,620034,Melbourne,14.1,0,20,64,63,Preston,-37.7431,145.0081
PRS,16/07/2016,3555065,189627,530871,Melbourne,13.7,0,17,70,57,Preston,-37.7431,145.0081
PRS,17/07/2016,3045745,121216,503054,Melbourne,16.1,0,56,77,45,Preston,-37.7431,145.0081
PRS,18/07/2016,3594903,428080,601933,Melbourne,17.7,0,52,75,68,Preston,-37.7431,145.0081
PRS,19/07/2016,3741500,441593,611142,Melbourne,16,0,20,79,68,Preston,-37.7431,145.0081
PRS,20/07/2016,3833425,437834,618273,Melbourne,16.1,1.8,17,97,76,Preston,-37.7431,145.0081
PRS,21/07/2016,3889960,433844,625661,Melbourne,18.1,1.8,50,100,65,Preston,-37.7431,145.0081
PRS,22/07/2016,3962166,418372,615320,Melbourne,18.3,7.8,59,76,73,Preston,-37.7431,145.0081
PRS,23/07/2016,3551366,186252,521911,Melbourne,11.6,2.8,44,59,65,Preston,-37.7431,145.0081
PRS,24/07/2016,2984010,120192,480697,Melbourne,11.4,0.8,48,76,64,Preston,-37.7431,145.0081
PRS,25/07/2016,3606393,416605,610835,Melbourne,14.3,0,59,72,51,Preston,-37.7431,145.0081
PRS,26/07/2016,3724196,442544,613330,Melbourne,11,4.8,46,68,60,Preston,-37.7431,145.0081
PRS,27/07/2016,3831363,436934,622787,Melbourne,12.9,0.4,37,92,50,Preston,-37.7431,145.0081
PRS,28/07/2016,3953704,445203,631817,Melbourne,15.2,0,37,73,52,Preston,-37.7431,145.0081
PRS,29/07/2016,4021681,433713,612521,Melbourne,15.3,0,31,76,67,Preston,-37.7431,145.0081
PRS,30/07/2016,3617303,197481,526776,Melbourne,13.8,2.4,59,85,74,Preston,-37.7431,145.0081
PRS,31/07/2016,3094002,116861,506636,Melbourne,17,2,52,86,39,Preston,-37.7431,145.0081
SK1,1/07/2016,3430393,327940,516889,Melbourne,14.1,6.4,28,89,61,St Kilda 1,-37.864,144.982
SK1,2/07/2016,3108163,161350,424774,Melbourne,16.5,0.2,28,77,58,St Kilda 1,-37.864,144.982
SK1,3/07/2016,2712968,106036,400871,Melbourne,16.7,0,41,76,57,St Kilda 1,-37.864,144.982
SK1,4/07/2016,3101600,337268,487246,Melbourne,12.7,0,31,69,64,St Kilda 1,-37.864,144.982
SK1,5/07/2016,3133610,324163,493981,Melbourne,12.8,0.6,28,87,91,St Kilda 1,-37.864,144.982
SK1,6/07/2016,3232188,332184,500683,Melbourne,13,22.6,37,87,84,St Kilda 1,-37.864,144.982
SK1,7/07/2016,3301123,329207,499018,Melbourne,13.7,3.8,31,97,80,St Kilda 1,-37.864,144.982
SK1,8/07/2016,3434147,332125,514939,Melbourne,15.3,0.8,20,90,65,St Kilda 1,-37.864,144.982
SK1,9/07/2016,3199212,159605,442279,Melbourne,15.2,0.2,13,100,60,St Kilda 1,-37.864,144.982
SK1,10/07/2016,2719733,109390,391906,Melbourne,14.2,0,59,97,80,St Kilda 1,-37.864,144.982
SK1,11/07/2016,3253375,346401,504789,Melbourne,16,3.6,59,67,57,St Kilda 1,-37.864,144.982
SK1,12/07/2016,3485639,381305,524413,Melbourne,13.7,0,63,58,51,St Kilda 1,-37.864,144.982
SK1,13/07/2016,3551218,371985,533927,Melbourne,12,0.4,43,67,55,St Kilda 1,-37.864,144.982
SK1,14/07/2016,3597395,377448,535015,Melbourne,14,1,43,68,52,St Kilda 1,-37.864,144.982
SK1,15/07/2016,3576023,358703,524648,Melbourne,14.1,0,20,64,63,St Kilda 1,-37.864,144.982
SK1,16/07/2016,3368345,169504,459065,Melbourne,13.7,0,17,70,57,St Kilda 1,-37.864,144.982
SK1,17/07/2016,2928186,121984,430288,Melbourne,16.1,0,56,77,45,St Kilda 1,-37.864,144.982
SK1,18/07/2016,3275976,370776,508379,Melbourne,17.7,0,52,75,68,St Kilda 1,-37.864,144.982
SK1,19/07/2016,3380244,373251,527554,Melbourne,16,0,20,79,68,St Kilda 1,-37.864,144.982
SK1,20/07/2016,3445237,361541,526409,Melbourne,16.1,1.8,17,97,76,St Kilda 1,-37.864,144.982
SK1,21/07/2016,3575357,362837,537698,Melbourne,18.1,1.8,50,100,65,St Kilda 1,-37.864,144.982
SK1,22/07/2016,3598679,350974,524104,Melbourne,18.3,7.8,59,76,73,St Kilda 1,-37.864,144.982
SK1,23/07/2016,3365910,179358,445933,Melbourne,11.6,2.8,44,59,65,St Kilda 1,-37.864,144.982
SK1,24/07/2016,2895123,120189,419036,Melbourne,11.4,0.8,48,76,64,St Kilda 1,-37.864,144.982
SK1,25/07/2016,3297822,353027,523793,Melbourne,14.3,0,59,72,51,St Kilda 1,-37.864,144.982
SK1,26/07/2016,3534825,389856,536385,Melbourne,11,4.8,46,68,60,St Kilda 1,-37.864,144.982
SK1,27/07/2016,3513095,367976,533681,Melbourne,12.9,0.4,37,92,50,St Kilda 1,-37.864,144.982
SK1,28/07/2016,3598700,378531,538283,Melbourne,15.2,0,37,73,52,St Kilda 1,-37.864,144.982
SK1,29/07/2016,3652977,374852,524574,Melbourne,15.3,0,31,76,67,St Kilda 1,-37.864,144.982
SK1,30/07/2016,3428721,173196,459004,Melbourne,13.8,2.4,59,85,74,St Kilda 1,-37.864,144.982
SK1,31/07/2016,2935482,112866,446437,Melbourne,17,2,52,86,39,St Kilda 1,-37.864,144.982
SK2,1/07/2016,4562430,528532,730128,Melbourne,14.1,6.4,28,89,61,St Kilda 2,-37.864,144.982
SK2,2/07/2016,3735511,222021,540405,Melbourne,16.5,0.2,28,77,58,St Kilda 2,-37.864,144.982
SK2,3/07/2016,3304449,142387,533455,Melbourne,16.7,0,41,76,57,St Kilda 2,-37.864,144.982
SK2,4/07/2016,4144067,519909,700247,Melbourne,12.7,0,31,69,64,St Kilda 2,-37.864,144.982
SK2,5/07/2016,4230498,509108,701748,Melbourne,12.8,0.6,28,87,91,St Kilda 2,-37.864,144.982
SK2,6/07/2016,4427391,534868,719202,Melbourne,13,22.6,37,87,84,St Kilda 2,-37.864,144.982
SK2,7/07/2016,4480914,532916,721832,Melbourne,13.7,3.8,31,97,80,St Kilda 2,-37.864,144.982
SK2,8/07/2016,4637602,529533,727671,Melbourne,15.3,0.8,20,90,65,St Kilda 2,-37.864,144.982
SK2,9/07/2016,4050032,237824,599097,Melbourne,15.2,0.2,13,100,60,St Kilda 2,-37.864,144.982
SK2,10/07/2016,3416069,155861,540595,Melbourne,14.2,0,59,97,80,St Kilda 2,-37.864,144.982
SK2,11/07/2016,4231586,524268,711699,Melbourne,16,3.6,59,67,57,St Kilda 2,-37.864,144.982
SK2,12/07/2016,4434850,563323,721552,Melbourne,13.7,0,63,58,51,St Kilda 2,-37.864,144.982
SK2,13/07/2016,4577552,569442,726935,Melbourne,12,0.4,43,67,55,St Kilda 2,-37.864,144.982
SK2,14/07/2016,4675803,581787,738158,Melbourne,14,1,43,68,52,St Kilda 2,-37.864,144.982
SK2,15/07/2016,4784746,560783,748753,Melbourne,14.1,0,20,64,63,St Kilda 2,-37.864,144.982
SK2,16/07/2016,4162338,239042,612099,Melbourne,13.7,0,17,70,57,St Kilda 2,-37.864,144.982
SK2,17/07/2016,3754471,176281,604149,Melbourne,16.1,0,56,77,45,St Kilda 2,-37.864,144.982
SK2,18/07/2016,4321694,561045,713652,Melbourne,17.7,0,52,75,68,St Kilda 2,-37.864,144.982
SK2,19/07/2016,4536155,574035,733695,Melbourne,16,0,20,79,68,St Kilda 2,-37.864,144.982
SK2,20/07/2016,4533635,563130,716174,Melbourne,16.1,1.8,17,97,76,St Kilda 2,-37.864,144.982
SK2,21/07/2016,4561571,551329,730691,Melbourne,18.1,1.8,50,100,65,St Kilda 2,-37.864,144.982
SK2,22/07/2016,4659829,535485,737915,Melbourne,18.3,7.8,59,76,73,St Kilda 2,-37.864,144.982
SK2,23/07/2016,4079983,229917,586637,Melbourne,11.6,2.8,44,59,65,St Kilda 2,-37.864,144.982
SK2,24/07/2016,3606061,170661,560651,Melbourne,11.4,0.8,48,76,64,St Kilda 2,-37.864,144.982
SK2,25/07/2016,4265684,541196,719378,Melbourne,14.3,0,59,72,51,St Kilda 2,-37.864,144.982
SK2,26/07/2016,4491548,576135,738364,Melbourne,11,4.8,46,68,60,St Kilda 2,-37.864,144.982
SK2,27/07/2016,4602698,574972,740834,Melbourne,12.9,0.4,37,92,50,St Kilda 2,-37.864,144.982
SK2,28/07/2016,4659534,564119,743427,Melbourne,15.2,0,37,73,52,St Kilda 2,-37.864,144.982
SK2,29/07/2016,4758245,562925,736101,Melbourne,15.3,0,31,76,67,St Kilda 2,-37.864,144.982
SK2,30/07/2016,4133453,232491,586539,Melbourne,13.8,2.4,59,85,74,St Kilda 2,-37.864,144.982
SK2,31/07/2016,3730067,163039,615264,Melbourne,17,2,52,86,39,St Kilda 2,-37.864,144.982
SP2,1/07/2016,3181847,371710,567743,Melbourne,14.1,6.4,28,89,61,Springvale 2,-37.9493,145.1528
SP2,2/07/2016,2359300,128387,379517,Melbourne,16.5,0.2,28,77,58,Springvale 2,-37.9493,145.1528
SP2,3/07/2016,1905816,63323,330538,Melbourne,16.7,0,41,76,57,Springvale 2,-37.9493,145.1528
SP2,4/07/2016,2898270,369206,548340,Melbourne,12.7,0,31,69,64,Springvale 2,-37.9493,145.1528
SP2,5/07/2016,2950484,361367,553567,Melbourne,12.8,0.6,28,87,91,Springvale 2,-37.9493,145.1528
SP2,6/07/2016,3049897,381029,566795,Melbourne,13,22.6,37,87,84,Springvale 2,-37.9493,145.1528
SP2,7/07/2016,3105290,378589,571357,Melbourne,13.7,3.8,31,97,80,Springvale 2,-37.9493,145.1528
SP2,8/07/2016,3194258,364022,566131,Melbourne,15.3,0.8,20,90,65,Springvale 2,-37.9493,145.1528
SP2,9/07/2016,2431841,126177,392151,Melbourne,15.2,0.2,13,100,60,Springvale 2,-37.9493,145.1528
SP2,10/07/2016,1958270,64649,338662,Melbourne,14.2,0,59,97,80,Springvale 2,-37.9493,145.1528
SP2,11/07/2016,3063834,388494,578850,Melbourne,16,3.6,59,67,57,Springvale 2,-37.9493,145.1528
SP2,12/07/2016,3132337,414678,583474,Melbourne,13.7,0,63,58,51,Springvale 2,-37.9493,145.1528
SP2,13/07/2016,3227492,407901,599716,Melbourne,12,0.4,43,67,55,Springvale 2,-37.9493,145.1528
SP2,14/07/2016,3359115,420395,618190,Melbourne,14,1,43,68,52,Springvale 2,-37.9493,145.1528
SP2,15/07/2016,3421495,406632,609036,Melbourne,14.1,0,20,64,63,Springvale 2,-37.9493,145.1528
SP2,16/07/2016,2589751,137528,400945,Melbourne,13.7,0,17,70,57,Springvale 2,-37.9493,145.1528
SP2,17/07/2016,2103749,69282,368892,Melbourne,16.1,0,56,77,45,Springvale 2,-37.9493,145.1528
SP2,18/07/2016,3165931,407358,596041,Melbourne,17.7,0,52,75,68,Springvale 2,-37.9493,145.1528
SP2,19/07/2016,3273513,425261,607950,Melbourne,16,0,20,79,68,Springvale 2,-37.9493,145.1528
SP2,20/07/2016,3311948,422348,611383,Melbourne,16.1,1.8,17,97,76,Springvale 2,-37.9493,145.1528
SP2,21/07/2016,3335025,418484,617835,Melbourne,18.1,1.8,50,100,65,Springvale 2,-37.9493,145.1528
SP2,22/07/2016,3382738,400085,586978,Melbourne,18.3,7.8,59,76,73,Springvale 2,-37.9493,145.1528
SP2,23/07/2016,2508472,125509,385362,Melbourne,11.6,2.8,44,59,65,Springvale 2,-37.9493,145.1528
SP2,24/07/2016,2030608,67306,354490,Melbourne,11.4,0.8,48,76,64,Springvale 2,-37.9493,145.1528
SP2,25/07/2016,3096299,405767,592823,Melbourne,14.3,0,59,72,51,Springvale 2,-37.9493,145.1528
SP2,26/07/2016,3258677,427037,604998,Melbourne,11,4.8,46,68,60,Springvale 2,-37.9493,145.1528
SP2,27/07/2016,3304686,421181,615248,Melbourne,12.9,0.4,37,92,50,Springvale 2,-37.9493,145.1528
SP2,28/07/2016,3357804,425876,612817,Melbourne,15.2,0,37,73,52,Springvale 2,-37.9493,145.1528
SP2,29/07/2016,3421151,410689,590576,Melbourne,15.3,0,31,76,67,Springvale 2,-37.9493,145.1528
SP2,30/07/2016,2550469,136246,399143,Melbourne,13.8,2.4,59,85,74,Springvale 2,-37.9493,145.1528
SP2,31/07/2016,2104216,71003,364530,Melbourne,17,2,52,86,39,Springvale 2,-37.9493,145.1528
SPR,1/07/2016,5352713,573830,937492,Melbourne,14.1,6.4,28,89,61,Springvale,-37.9493,145.1528
SPR,2/07/2016,4278584,215358,688063,Melbourne,16.5,0.2,28,77,58,Springvale,-37.9493,145.1528
SPR,3/07/2016,3557781,113910,606150,Melbourne,16.7,0,41,76,57,Springvale,-37.9493,145.1528
SPR,4/07/2016,4804398,569455,887855,Melbourne,12.7,0,31,69,64,Springvale,-37.9493,145.1528
SPR,5/07/2016,4937950,561684,901528,Melbourne,12.8,0.6,28,87,91,Springvale,-37.9493,145.1528
SPR,6/07/2016,5049653,587011,908418,Melbourne,13,22.6,37,87,84,Springvale,-37.9493,145.1528
SPR,7/07/2016,5115236,572324,922142,Melbourne,13.7,3.8,31,97,80,Springvale,-37.9493,145.1528
SPR,8/07/2016,5323890,558109,925846,Melbourne,15.3,0.8,20,90,65,Springvale,-37.9493,145.1528
SPR,9/07/2016,4354261,202312,698107,Melbourne,15.2,0.2,13,100,60,Springvale,-37.9493,145.1528
SPR,10/07/2016,3563996,117542,603648,Melbourne,14.2,0,59,97,80,Springvale,-37.9493,145.1528
SPR,11/07/2016,4960852,578161,917788,Melbourne,16,3.6,59,67,57,Springvale,-37.9493,145.1528
SPR,12/07/2016,5135349,639025,922742,Melbourne,13.7,0,63,58,51,Springvale,-37.9493,145.1528
SPR,13/07/2016,5142453,625753,948945,Melbourne,12,0.4,43,67,55,Springvale,-37.9493,145.1528
SPR,14/07/2016,5384009,643134,970465,Melbourne,14,1,43,68,52,Springvale,-37.9493,145.1528
SPR,15/07/2016,5627923,618997,968682,Melbourne,14.1,0,20,64,63,Springvale,-37.9493,145.1528
SPR,16/07/2016,4568187,219243,704555,Melbourne,13.7,0,17,70,57,Springvale,-37.9493,145.1528
SPR,17/07/2016,3693564,113502,643634,Melbourne,16.1,0,56,77,45,Springvale,-37.9493,145.1528
SPR,18/07/2016,5106581,623772,940892,Melbourne,17.7,0,52,75,68,Springvale,-37.9493,145.1528
SPR,19/07/2016,5189572,640173,870714,Melbourne,16,0,20,79,68,Springvale,-37.9493,145.1528
SPR,20/07/2016,5266142,640781,948840,Melbourne,16.1,1.8,17,97,76,Springvale,-37.9493,145.1528
SPR,21/07/2016,5389050,637215,960257,Melbourne,18.1,1.8,50,100,65,Springvale,-37.9493,145.1528
SPR,22/07/2016,5576587,619725,943366,Melbourne,18.3,7.8,59,76,73,Springvale,-37.9493,145.1528
SPR,23/07/2016,4432007,211688,685357,Melbourne,11.6,2.8,44,59,65,Springvale,-37.9493,145.1528
SPR,24/07/2016,3604332,115455,605774,Melbourne,11.4,0.8,48,76,64,Springvale,-37.9493,145.1528
SPR,25/07/2016,4944391,593530,930850,Melbourne,14.3,0,59,72,51,Springvale,-37.9493,145.1528
SPR,26/07/2016,5215820,641342,942555,Melbourne,11,4.8,46,68,60,Springvale,-37.9493,145.1528
SPR,27/07/2016,5234967,636483,953804,Melbourne,12.9,0.4,37,92,50,Springvale,-37.9493,145.1528
SPR,28/07/2016,5325313,633805,957157,Melbourne,15.2,0,37,73,52,Springvale,-37.9493,145.1528
SPR,29/07/2016,5560671,608363,946209,Melbourne,15.3,0,31,76,67,Springvale,-37.9493,145.1528
SPR,30/07/2016,4453112,224980,682836,Melbourne,13.8,2.4,59,85,74,Springvale,-37.9493,145.1528
SPR,31/07/2016,3703873,122076,632153,Melbourne,17,2,52,86,39,Springvale,-37.9493,145.1528
